Product,Type,Category,Fabric,Release,Colors,Price,Re-up,Historic,MWU,InSitu,Image
Slim Dungarees,Pants,Clothes,Workcloth,27.08.2015,"Maroonshadow, Bluetint Gray",198,TRUE,FALSE,Men,http://shop.outlier.cc/shop/retail/slim-dungarees.html,http://outlier.cc/productentries/products/slimdungarees/208-OUTLIER-SlimDungarees-IndigoFront.jpg
Cotton Linen Pivot,Shirt,Clothes,Linen/Cotton,18.08.2015,Navy Plaid/Light Plaid,165,FALSE,FALSE,Men,http://shop.outlier.cc/shop/retail/cotton-linen-pivot.html,http://outlier.cc/productentries/products/cottonlinenpivot/201-OUTLIER-CottonLinenPivot-.jpg
Two-Ply Blazed Button Down,Shirt,Clothes,Cotton,18.08.2015,White,144,FALSE,FALSE,Men,http://shop.outlier.cc/shop/retail/two-ply-blazed.html,http://outlier.cc/productentries/products/blazed2ply/201-OUTLIER-Blazed2Ply-Front.jpg
New OGs,Pants,Clothes,OG,18.08.2015,"Black, Charcoal, Navy Slate, Maroonshadow",225,TRUE,FALSE,Men,http://shop.outlier.cc/shop/retail/new-og.html,http://outlier.cc/products/newogs/202-OUTLIER-NewOGs-NavyFront.jpg
Slim Dungarees,Pants,Clothes,Workcloth,18.08.2015,"Black, Gray Shadow",198,TRUE,FALSE,Men,http://shop.outlier.cc/shop/retail/slim-dungarees.html,http://outlier.cc/productentries/products/slimdungarees/208-OUTLIER-SlimDungarees-IndigoFront.jpg
Merino Ribbed Henley,T-Shirt,Clothes,Merino,13.08.2015,"Black, Red Earth, Olive Drab, Gray Sky, Navy",148,TRUE,FALSE,Men,http://shop.outlier.cc/shop/retail/merino-ribbed-henley.html,http://outlier.cc/productentries/products/merinoribbedhenley/201-OUTLIER-MerinoRibbedHenley-Black.jpg
Ultrafine Merino T-Shirt,T-Shirt,Clothes,Merino,07.08.2015,"Black, Medium Gray, Gray Light",98,TRUE,FALSE,Men,http://shop.outlier.cc/shop/retail/ultrafine-merino-tee.html,http://outlier.cc/productentries/products/merinot/204-OUTLIER-UltrafineT-jpg
Slim Dungarees (Long),Pants,Clothes,Workcloth,06.08.2015,"Darkindigo, Bluetint Gray, Concrete, Zinc",198,TRUE,FALSE,Men,http://shop.outlier.cc/shop/retail/slim-dungarees.html,http://outlier.cc/productentries/products/slimdungarees/208-OUTLIER-SlimDungarees-IndigoFront.jpg
Public Prototype 012,Outerwear,Clothes,Ultralight,31.07.2015,Black,365,FALSE,FALSE,Men,http://shop.outlier.cc/shop/retail/opp-012.html,https://scontent.cdninstagram.com/hphotos-xfa1/t51.2885-15/s320x320/e35/11821793_515919848562734_1893218409_n.jpg
Climbers,Pants,Clothes,OG,30.07.2015,"Black, Navy Slate, Stone Blue",198,TRUE,FALSE,Men,http://shop.outlier.cc/shop/retail/the-climbers.html,http://outlier.cc/productentries/products/theclimbers/201-OUTLIER-TheClimbers-Black.jpg
Ultrahigh Backpack,Backpack,Accessory,Dyneema,23.07.2015,Black,375,TRUE,FALSE,Unisex,http://shop.outlier.cc/shop/retail/ultrahigh-backpack.html,http://outlier.cc/products/ultrahighbackpack/002-OUTLIER-UltrahighBackpack-RollUnroll.gif
Public Prototype 011,Shirt,Clothes,Linen,21.07.2015,Navy,188,FALSE,FALSE,Men,http://shop.outlier.cc/shop/retail/opp-011.html,http://outlier.cc/productentries/products/opp010/201-OUTLIER-OPP010-.jpg
Doublefine Merino Sweatpants,Pants,Clothes,Merino,21.07.2015,"Gray Sky, Black, Deep Gray",225,TRUE,FALSE,Men,http://shop.outlier.cc/shop/retail/merino-sweatpants.html,http://outlier.cc/productentries/products/merinosweatpants/201-OUTLIER-DoublefineMerinoSweatpants-BlueSwoosh2.jpg
Suncloth Pivot,Shirt,Clothes,Cotton/Tencel,14.07.2015,White,248,TRUE,FALSE,Men,http://shop.outlier.cc/shop/retail/suncloth-pivot.html,http://outlier.cc/productentries/products/sunclothpivot/201-OUTLIER-SunclothPivot-White.jpg
Runweight Merino T-Shirt,T-Shirt,Clothes,Runweight Merino,14.07.2015,"Washed Indigo, Near Black",88,TRUE,FALSE,Men,http://shop.outlier.cc/shop/retail/runweight-merino-tshirt.html,http://outlier.cc/productentries/products/runweightmerinotshirt/201-OUTLIER-RunWeightT-Front.jpg
Ultralight Crops,Pants,Clothes,Ultralight,14.07.2015,"Offshore Blue, Skytint Gray, Deep Navy, Black, Moss Olive",198,FALSE,FALSE,Men,http://shop.outlier.cc/shop/retail/ultralight-crops.html,http://outlier.cc/productentries/products/ultralightcrops/206-OUTLIER-UltralightCrops-MossOlive.jpg
Public Prototype 010,Vest,Clothes,Ultralight,14.07.2015,"Skytint Gray, Black",325,FALSE,FALSE,Men,http://shop.outlier.cc/shop/retail/opp-010.html,http://outlier.cc/productentries/products/opp010/201-OUTLIER-OPP-BlackFront.jpg
Ultralight Freeshell,Outerwear,Clothes,Ultralight,29.06.2015,"Moss Olive, Offshore Blue, Deep Gray",365,TRUE,FALSE,Men,http://shop.outlier.cc/shop/retail/ultralight-freeshell.html,http://outlier.cc/productentries/products/ultralightfreeshell062015/204-OUTLIER-UltralightFreeShell-OffshoreBlue.jpg
Megafine Merino Socks,Socks,Clothes,Merino,26.06.2015,Black,21,TRUE,FALSE,Unisex,http://shop.outlier.cc/retail/megafinesock.html,http://outlier.cc/productentries/products/megafinesocks/109_outlier_megafinesock.jpg
Slim Dungarees,Pants,Clothes,Workcloth,26.06.2015,"Concrete, Zinc, Darkindigo",198,TRUE,FALSE,Men,http://shop.outlier.cc/shop/retail/slim-dungarees.html,http://outlier.cc/productentries/products/slimdungarees/208-OUTLIER-SlimDungarees-IndigoFront.jpg
New OGs,Pants,Clothes,OG,25.06.2015,Black,240,TRUE,FALSE,Men,http://shop.outlier.cc/shop/retail/new-og.html,http://outlier.cc/productentries/products/newogs/201-OUTLIER-NewOGs-Black.png
Public Prototype 009,T-Shirt,Clothes,Ramie,23.06.2015,Navy,135,FALSE,FALSE,Men,http://shop.outlier.cc/shop/retail/opp-009.html,http://outlier.cc/productentries/products/opp009/201-OUTLIER-OPP009-Front.jpg
Futureworks,Pants,Clothes,F. Cloth,22.06.2015,"Washed Indigo, Shademaroon, Zinc, Flat Black",125,TRUE,FALSE,Men,http://shop.outlier.cc/shop/retail/futureworks.html,http://outlier.cc/productentries/products/futureworks-062015/201-OUTLIER-Futureworks-WashedIndigo.jpg
Public Prototype 008,T-Shirt,Clothes,Merino/Cotton,17.06.2015,White,98,FALSE,FALSE,Men,http://shop.outlier.cc/shop/retail/opp-008.html,http://outlier.cc/productentries/products/opp008/201-OUTLIER-CottonweightT-Front.jpg
Breezy Linen Pivot,Shirt,Clothes,Linen,10.06.2015,"Bright Blue, White, Dark Blue",165,FALSE,FALSE,Men,http://shop.outlier.cc/shop/retail/breezylinenpivot.html,http://outlier.cc/productentries/products/breezylinenpivot/203-OUTLIER-BreezyLinenPivot-DarkBlue.jpg
Grid Linen Bathrobe,Bathrobe,Accessory,Linen,09.06.2015,"Mid Indigo, Skyway, Summer Blue",148,TRUE,FALSE,Unisex,http://shop.outlier.cc/shop/retail/grid-linen-bathrobe.html,http://outlier.cc/productentries/products/gridlinenbathrobe/201-OUTLIER-GridLinenRobe-Ghost.jpg
Grid Linen Towel S,Towel,Accessory,Linen,09.06.2015,"Mid Indigo, Skyway, Summer Blue, White",25,TRUE,FALSE,Unisex,http://shop.outlier.cc/shop/retail/grid-linen-towel.html,http://outlier.cc/productentries/products/gridlinentowel/107-OUTLIER-GridLinenTowel-GreenRoll.jpg
Grid Linen Towel M,Towel,Accessory,Linen,09.06.2015,"Mid Indigo, Skyway, Summer Blue, White",36,TRUE,FALSE,Unisex,http://shop.outlier.cc/shop/retail/grid-linen-towel.html,http://outlier.cc/productentries/products/gridlinentowel/107-OUTLIER-GridLinenTowel-GreenRoll.jpg
Grid Linen Towel L,Towel,Accessory,Linen,09.06.2015,"Mid Indigo, Skyway, Summer Blue, White",50,TRUE,FALSE,Unisex,http://shop.outlier.cc/shop/retail/grid-linen-towel.html,http://outlier.cc/productentries/products/gridlinentowel/107-OUTLIER-GridLinenTowel-GreenRoll.jpg
Grid Linen Towel XL,Towel,Accessory,Linen,09.06.2015,"Mid Indigo, Skyway, Summer Blue, White",88,TRUE,FALSE,Unisex,http://shop.outlier.cc/shop/retail/grid-linen-towel.html,http://outlier.cc/productentries/products/gridlinentowel/107-OUTLIER-GridLinenTowel-GreenRoll.jpg
Mojave Pivot Shirt,Shirt,Clothes,Linen/Cotton,09.06.2015,"Summer Blue, Olive, White, Dark Blue, Dark Gray",128,TRUE,FALSE,Men,http://shop.outlier.cc/retail/mojave-pivot-shirt.html,http://outlier.cc/productentries/products/mojavepr/201-OUTLIER-MojavePivot-Blue.jpg
New Way Shorts,Shorts,Clothes,F. Cloth,09.06.2015,"Ghost Blue, Washed Indigo, Shademaroon, Zinc, Flat Black",120,TRUE,FALSE,Men,http://shop.outlier.cc/shop/retail/new-way-shorts.html,http://outlier.cc/productentries/products/newwayshorts/202-OUTLIER-NewWayShorts-DesertTan.jpg
Public Prototype 007,Outerwear,Clothes,Merino,28.05.2015,"Marsdust, Black",275,FALSE,FALSE,Men,http://shop.outlier.cc/shop/retail/opp-007.html,http://outlier.cc/productentries/products/opp007/203-OUTLIER-OPP007-Front3.jpg
Runweight Shorts,Shorts,Clothes,Ultralight,26.05.2015,Black,175,TRUE,FALSE,Men,http://shop.outlier.cc/shop/retail/runweight-shorts.html,http://outlier.cc/productentries/products/runweightshorts/201-OUTLIER-RunweightShorts-WhitetintGray.jpg
60/30 Blazer,Outerwear,Clothes,“60/30”,26.05.2015,"Desert Tan, Dark Marine, Bluegray",550,TRUE,FALSE,Men,http://shop.outlier.cc/shop/retail/6030blazer.html,http://outlier.cc/productentries/products/6030blazer/201-OUTLIER-6030Blazer-MidnightGray.jpg
60/30 Chinos,Pants,Clothes,“60/30”,26.05.2015,"Desert Tan, Dark Marine, Bluegray",225,TRUE,FALSE,Men,http://shop.outlier.cc/shop/retail/chino.html,http://outlier.cc/productentries/products/6030chinos/202-OUTLIER-Flat-MidnightGray.jpg
Public Prototype 006,T-Shirt,Clothes,Merino,19.05.2015,"Black, Gray",165,FALSE,FALSE,Men,http://shop.outlier.cc/shop/retail/opp-006.html,http://outlier.cc/productentries/products/opp006/201-OUTLIER-OPP006-Gray1.jpg
Cowlhood,Sweater,Clothes,Merino,13.05.2015,Black,188,TRUE,FALSE,Unisex,http://shop.outlier.cc/shop/retail/cowlhood.html,http://outlier.cc/productentries/products/cowlhood1214/201-OUTLIER-TheCowlhood-Black.jpg
Light Rain Shirt,Shirt,Clothes,Supermarine,13.05.2015,Black,225,FALSE,FALSE,Men,http://shop.outlier.cc/shop/retail/light-rain-shirt.html,http://outlier.cc/productentries/products/maybearainshirt/201-OUTLIER-LightRainShirt-Front.jpg
Free Way Shorts,Shorts,Clothes,OG,13.05.2015,"Moss Olive, Offshore Blue, Black, Quiet Shade",175,TRUE,FALSE,Men,http://shop.outlier.cc/shop/retail/free-way-shorts.html,http://outlier.cc/productentries/products/freewayshorts-052015/201-OUTLIER-FreeWayShorts-QuietShade.jpg
Public Prototype 005,T-Shirt,Clothes,Merino,13.05.2015,"Black, Gray",125,FALSE,FALSE,Men,http://shop.outlier.cc/shop/retail/opp-005.html,http://outlier.cc/productentries/products/opp005/204-OUTLIER-OPP005-Black.jpg
Slim Dungarees (Long),Pants,Clothes,Workcloth,12.05.2015,"Bluetint Gray, Black, Darkindigo",198,TRUE,FALSE,Men,http://shop.outlier.cc/shop/retail/slim-dungarees.html,http://outlier.cc/productentries/products/slimdungarees/208-OUTLIER-SlimDungarees-IndigoFront.jpg
Public Prototype 004,Pants,Clothes,Workcloth,04.05.2015,Black,198,FALSE,FALSE,Men,http://shop.outlier.cc/shop/retail/opp-004.html,http://outlier.cc/productentries/products/opp4/201-OPP004-Front.jpg
Ultrahigh Backpack,Backpack,Accessory,Dyneema,29.04.2015,Black,375,FALSE,FALSE,Unisex,http://shop.outlier.cc/shop/retail/ultrahigh-backpack.html,http://outlier.cc/products/ultrahighbackpack/002-OUTLIER-UltrahighBackpack-RollUnroll.gif
New Way Longs,Shorts,Clothes,F. Cloth,28.04.2015,"Copper Dawn, Resonant Blue, Desert Tan, Dust Olive, Deep Gray, Flat Black",125,FALSE,FALSE,Men,http://shop.outlier.cc/shop/retail/new-way-longs.html,http://outlier.cc/productentries/products/newwaylongs/203-OUTLIER-NewWayLongs-CopperDawn.jpg
Public Prototype 003,Shirt,Clothes,Linen/Wool,23.04.2015,"Blue, Gray",198,FALSE,FALSE,Men,http://shop.outlier.cc/shop/retail/opp-003.html,http://outlier.cc/productentries/products/opp003/203-OUTLIER-LinenWoolPivot-BlueFront.jpg
Sleeveless Merino T-Shirt,Tank Top,Clothes,Merino,15.04.2015,Black,88,FALSE,FALSE,Men,http://shop.outlier.cc/shop/retail/sleeveless-merino-t-shirt.html,http://outlier.cc/productentries/products/sleevelesstee/201-OUTLIER-SleevelessMerinoT-Black.jpg
Openweight Merino Longsleeve,T-Shirt,Clothes,Openweight Merino,15.04.2015,Black,120,FALSE,FALSE,Men,http://shop.outlier.cc/shop/retail/openweight-merino-longsleeve.html,http://outlier.cc/productentries/products/openweightmerinolongsleeve/201-OUTLIER-OpenweightMerinoLongsleeve-Front.jpg
Openweight Merino T-Shirt,T-Shirt,Clothes,Openweight Merino,15.04.2015,Black,88,FALSE,FALSE,Men,http://shop.outlier.cc/shop/retail/openweight-merino-tshirt.html,http://outlier.cc/productentries/products/openweighttee/201-OUTLIER-OpenWeightMerinoT-Black.jpg
Airspace Transparent Pullover,Sweater,Clothes,Airspace Mesh,15.04.2015,"Black, Gray",165,TRUE,FALSE,Men,http://shop.outlier.cc/shop/retail/airspace-transparent-pullover.html,http://outlier.cc/productentries/products/airspacetransparent/20141024_Outlier_Mesh_0144-2.jpg
Runweight Shorts,Shorts,Clothes,Ultralight,15.04.2015,"Whitetint Gray, New Slate",175,TRUE,FALSE,Men,http://shop.outlier.cc/shop/retail/runweight-shorts.html,http://outlier.cc/productentries/products/runweightshorts/201-OUTLIER-RunweightShorts-WhitetintGray.jpg
Climbers,Pants,Clothes,OG,15.04.2015,"Black, Charcoal",198,TRUE,FALSE,Men,http://shop.outlier.cc/shop/retail/the-climbers.html,http://outlier.cc/productentries/products/theclimbers/201-OUTLIER-TheClimbers-Black.jpg
Merino Co-Pivot,Shirt,Clothes,Merino,09.04.2015,"Sky Blue, Red Dust, Night Blue",175,TRUE,FALSE,Men,http://shop.outlier.cc/shop/retail/merino-co-pivot.html,http://outlier.cc/productentries/products/merinoco/202-OUTLIER-MerinoCoPivot-NewColor2.jpg
Slim Dungarees,Pants,Clothes,Workcloth,02.04.2015,"Black, Olive Black, Blacktint Gray, Dark Indigo",198,TRUE,FALSE,Men,http://shop.outlier.cc/shop/retail/slim-dungarees.html,http://outlier.cc/productentries/products/slimdungarees2015/203-OUTLIER-SlimDungarees-BluetintGray.jpg
Ripstop Merino Heavy Shirt,Shirt,Clothes,Merino,26.03.2015,Navy,225,TRUE,FALSE,Men,http://shop.outlier.cc/shop/retail/ripstop-merino-heavy-shirt.html,http://outlier.cc/productentries/products/ripstopheavyshirt/201-OUTLIER-RipStopHeavy-OhBaby.jpg
Mojave Pivot Shirt,Shirt,Clothes,Linen/Cotton,17.03.2015,"Summer Blue, Olive, White, Dark Blue, Dark Gray",128,TRUE,FALSE,Men,http://shop.outlier.cc/retail/mojave-pivot-shirt.html,http://outlier.cc/productentries/products/mojavepr/201-OUTLIER-MojavePivot-Blue.jpg
New Way Shorts,Shorts,Clothes,F. Cloth,17.03.2015,"Copper Dawn, Resonant Blue, Desert Tan, Dust Olive, Deep Gray, Flat Black",120,TRUE,FALSE,Men,http://shop.outlier.cc/shop/retail/new-way-shorts.html,http://outlier.cc/productentries/products/newwayshorts/202-OUTLIER-NewWayShorts-DesertTan.jpg
Futureworks,Pants,Clothes,F. Cloth,10.03.2015,"Deep Gray, Resonant Blue, Flat Black, Desert Tan",125,TRUE,FALSE,Men,http://shop.outlier.cc/shop/retail/futureworks.html,http://outlier.cc/productentries/products/futureworks/201-OUTLIER-Futureworks-Front.jpg
Two-Ply Blazed Button Down,Shirt,Clothes,Cotton,04.03.2015,White,144,FALSE,FALSE,Men,http://shop.outlier.cc/shop/retail/two-ply-blazed.html,http://outlier.cc/productentries/products/blazed2ply/201-OUTLIER-Blazed2Ply-Front.jpg
Ultrafine Merino T-Shirt,T-Shirt,Clothes,Merino,04.03.2015,"Copper Dawn, Deep Gray, Dusk Blue",98,TRUE,FALSE,Men,http://shop.outlier.cc/shop/retail/ultrafine-merino-tee.html,http://outlier.cc/productentries/products/merinot/204-OUTLIER-UltrafineT-jpg
Climbers,Pants,Clothes,OG,04.03.2015,"Black, Charcoal, Quiet Shade",198,TRUE,FALSE,Men,http://shop.outlier.cc/shop/retail/the-climbers.html,http://outlier.cc/productentries/products/theclimbers/202o-OUTLIER-TheClimbers-OliveFront.jpg
Public Prototype 002,Shirt,Clothes,Merino/Cotton,25.02.2015,Gray,128,FALSE,FALSE,Men,http://shop.outlier.cc/shop/retail/opp-002.html,http://outlier.cc/productentries/products/opp2/203-OUTLIER-S100Pivot-Gray2.jpg
Public Prototype 001,Sweater,Clothes,Merino,17.02.2015,"Blue/Black, Gray/Gray",225,FALSE,FALSE,Men,http://shop.outlier.cc/shop/retail/opp-001.html,http://outlier.cc/productentries/200-OUTLIER-OPP-Nice.jpg
Climbers,Pants,Clothes,OG,03.02.2015,"Black, Charcoal",198,TRUE,FALSE,Men,http://shop.outlier.cc/shop/retail/the-climbers.html,http://outlier.cc/productentries/products/theclimbers/202o-OUTLIER-TheClimbers-OliveFront.jpg
Strongworks,Pants,Clothes,Strongcloth,26.01.2015,"Blue, Gray",150,FALSE,FALSE,Men,http://shop.outlier.cc/shop/retail/strongworks.html,http://outlier.cc/productentries/products/strongworks/202-OUTLIER-StrongWorks-Gray2.jpg
Slim Dungarees,Pants,Clothes,Workcloth,21.01.2015,Black,198,TRUE,FALSE,Men,http://shop.outlier.cc/shop/retail/slim-dungarees.html,http://outlier.cc/productentries/products/slimdungarees/208-OUTLIER-SlimDungarees-IndigoFront.jpg
Blazed Slim Button Down Pivot,Shirt,Clothes,Cotton,14.01.2015,"Pale Blue, White, Bluegray",125,TRUE,FALSE,Men,http://shop.outlier.cc/shop/retail/blazed-slim-button-down.html,http://outlier.cc/productentries/products/blazedslim/204-OUTLIER-BlazedSlim-BlueGray.jpg
New OGs,Pants,Clothes,OG,09.01.2015,"Black, New Slate",240,TRUE,FALSE,Men,http://shop.outlier.cc/shop/retail/new-og.html,http://outlier.cc/products/newogs/202-OUTLIER-NewOGs-NavyFront.jpg
Blazed Button Down Pivot,Shirt,Clothes,Cotton,08.01.2015,"Spring Blue, Microcheck Dark, Microcheck Light",125,TRUE,FALSE,Men,http://shop.outlier.cc/shop/retail/blazed-button-down.html,http://outlier.cc/productentries/products/blazedbuttondown/203-OUTLIER-BlazedButtonDown-LandSick.jpg
Supermarine Soft Core Bomber,Outerwear,Clothes,Supermarine,16.12.2014,"Black, Navy",595,FALSE,FALSE,Men,http://shop.outlier.cc/shop/retail/supermarine-soft-core-bomber.html,http://outlier.cc/productentries/products/supermarinebomber/201-OUTLIER-SupermarineBomber-NavyFront.jpg
Hood,Hood,Accessory,Supermarine,16.12.2014,Black,144,FALSE,FALSE,Unisex,http://shop.outlier.cc/shop/retail/hood.html,http://outlier.cc/productentries/products/superhood/201-OUTLIER-Superhood-Side.jpg
Key Piece,Keychain,Accessory,Nylon,09.12.2014,Black,48,FALSE,FALSE,Unisex,http://shop.outlier.cc/shop/retail/key-piece.html,http://outlier.cc/productentries/products/keypiece/104-OUTLIER-KeyPiece.jpg
Expensive Square,Throw,Accessory,Merino,09.12.2014,Gray,120,FALSE,FALSE,Unisex,http://shop.outlier.cc/shop/retail/expensive-square.html,http://outlier.cc/productentries/products/expensivesquare/201-OUTLIER-ExpensiveSquare-.jpg
Grid Linen Bathrobe,Bathrobe,Accessory,Linen,09.12.2014,"Gray Sky, Blue Wing",148,TRUE,FALSE,Unisex,http://shop.outlier.cc/shop/retail/grid-linen-bathrobe.html,http://outlier.cc/productentries/products/gridlinenbathrobe/201-OUTLIER-GridLinenRobe-Ghost.jpg
Grid Linen Towel M,Towel,Accessory,Linen,09.12.2014,"Gray Sky, Blue Wing",40,TRUE,FALSE,Unisex,http://shop.outlier.cc/shop/retail/grid-linen-towel.html,http://outlier.cc/productentries/products/gridlinentowel/107-OUTLIER-GridLinenTowel-GreenRoll.jpg
Grid Linen Towel L,Towel,Accessory,Linen,09.12.2014,"Gray Sky, Blue Wing",60,TRUE,FALSE,Unisex,http://shop.outlier.cc/shop/retail/grid-linen-towel.html,http://outlier.cc/productentries/products/gridlinentowel/107-OUTLIER-GridLinenTowel-GreenRoll.jpg
Futureworks,Pants,Clothes,F. Cloth,09.12.2014,"Flat Black, Dust Olive",125,TRUE,FALSE,Men,http://shop.outlier.cc/shop/retail/futureworks.html,http://outlier.cc/productentries/products/futureworks/201-OUTLIER-Futureworks-Front.jpg
Ultrahigh Duffle + Extra Strap,Dufflebag,Accessory,Dyneema,03.12.2014,Black,550,FALSE,FALSE,Unisex,http://shop.outlier.cc/shop/retail/ultrahigh-duffle.html,http://gearhungry.com/wp-content/uploads/2014/12/Outlier-Ultrahigh-Duffle.jpg
Ultrahigh Duffle,Dufflebag,Accessory,Dyneema,03.12.2014,Black,450,FALSE,FALSE,Unisex,http://shop.outlier.cc/shop/retail/ultrahigh-duffle.html,http://gearhungry.com/wp-content/uploads/2014/12/Outlier-Ultrahigh-Duffle.jpg
60/30 Blazer,Outerwear,Clothes,“60/30”,26.11.2014,"Black, Midnight Navy",550,TRUE,FALSE,Men,http://shop.outlier.cc/shop/retail/6030blazer.html,http://outlier.cc/productentries/products/6030blazer/201-OUTLIER-6030Blazer-MidnightGray.jpg
Ho Stripe Overshirt,Shirt,Clothes,Merino,24.11.2014,"Black/Blue, Charcoal/Navy, Black/Charcoal",225,FALSE,FALSE,Men,http://shop.outlier.cc/shop/retail/ho-stripe-overshirt.html,http://outlier.cc/productentries/products/hostripe/201-OUTLIER-HoStripe.jpg
Ultrafine Merino T-Shirt,T-Shirt,Clothes,Merino,24.11.2014,"Black, Medium Gray, Near White",98,TRUE,FALSE,Men,http://shop.outlier.cc/shop/retail/ultrafine-merino-tee.html,http://outlier.cc/productentries/products/merinot/204-OUTLIER-UltrafineT-jpg
60/30 Chinos,Pants,Clothes,“60/30”,24.11.2014,"Black, Midnight Navy, Army Green",225,TRUE,FALSE,Men,http://shop.outlier.cc/shop/retail/chino.html,http://outlier.cc/productentries/products/6030chinos/202-OUTLIER-Flat-MidnightGray.jpg
Merino Racerback Tank,Tank Top,Clothes,Merino,21.11.2014,"Black, Medium Gray, Orange",77,TRUE,FALSE,Women,http://shop.outlier.cc/shop/retail/merino-racerback-tank.html,http://outlier.cc/productentries/products/womenstank/201-OUTLIER-WomensTank-OrangeFrontup.jpg
Cowlhood,Sweater,Clothes,Merino,21.11.2014,"Black, Medium Gray",188,FALSE,FALSE,Unisex,http://shop.outlier.cc/shop/retail/cowlhood.html,http://outlier.cc/productentries/products/thecowlhood/201-OUTLIER-Kenny-Navy.jpg
Doublefine Doublehood,Sweater,Clothes,Merino,21.11.2014,"Black, Darkspace",298,FALSE,FALSE,Unisex,http://shop.outlier.cc/shop/retail/doublefine-doublehood.html,http://outlier.cc/productentries/products/doublefinehoodecowl/201-OUTLIER-DoublefineCartmanigan-BlackFront.jpg
Doublefine Merino Hoodie,Outerwear,Clothes,Merino,19.11.2014,Darkspace,275,TRUE,FALSE,Men,http://shop.outlier.cc/retail/doublefinehoodie.html,http://outlier.cc/productentries/products/doublefinehoodie/203d-OUTLIER-DoublefineMerinoHoodie-DeepGray.jpg
Doublefine Merino Sweatpants,Pants,Clothes,Merino,19.11.2014,Darkspace,250,TRUE,FALSE,Men,http://shop.outlier.cc/shop/retail/merino-sweatpants.html,http://outlier.cc/productentries/products/merinosweatpants/201-OUTLIER-DoublefineMerinoSweatpants-BlueSwoosh2.jpg
Ultramagnetic Merino Bandana,Bandana,Accessory,Merino,19.11.2014,Darkspace,77,TRUE,FALSE,Unisex,http://shop.outlier.cc/shop/retail/ultramagnetic-merino-bandana.html,http://outlier.cc/productentries/ultramagneticbandana/201-OUTLIER-UltraMagneticBandana-ShadeMaroon.jpg
Merino Co-Pivot,Shirt,Clothes,Merino,18.11.2014,"Blacktint, Midrange Gray",175,TRUE,FALSE,Men,http://shop.outlier.cc/shop/retail/merino-co-pivot.html,http://outlier.cc/productentries/products/merinocopivot/202-OUTLIER-MerinoCoPivot-RedFront.jpg
Airspace Merino Pullover,Sweater,Clothes,Airspace Mesh,11.11.2014,"Black, Gray",225,FALSE,FALSE,Men,http://shop.outlier.cc/shop/retail/airspace-merino-pullover.html,http://outlier.cc/productentries/products/airspacemerino/205-OUTLIER-AirspaceMerino-Black.jpg
Airspace Transparent Pullover,Sweater,Clothes,Airspace Mesh,11.11.2014,"Black, Gray",198,FALSE,FALSE,Men,http://shop.outlier.cc/shop/retail/airspace-transparent-pullover.html,http://outlier.cc/productentries/products/airspacetransparent/200-OUTLIER-AirspaceTransparentPullover-whatsthere.jpg
Air-Forged Oxford (Long),Shirt,Clothes,Air Forged,10.11.2014,"Blue, Dark Navy, Earthshadow, Lightning Gray, Storm Gray",98,TRUE,FALSE,Men,http://shop.outlier.cc/shop/retail/air-forged-oxford.html,http://outlier.cc/products/airforgedoxford/200-OUTLIER-AirForgedOxford-Gray1.jpg
Triple Wool Vest,Vest,Clothes,Merino,04.11.2014,"Earth, Gray",275,FALSE,FALSE,Men,http://shop.outlier.cc/shop/retail/triple-wool-vest.html,http://outlier.cc/productentries/products/triplewoolvest/201-OUTLIER-TripleWoolVest-Gray.jpg
Megafine Merino Socks,Socks,Clothes,Merino,03.11.2014,Black,21,TRUE,FALSE,Unisex,http://shop.outlier.cc/retail/megafinesock.html,http://outlier.cc/productentries/products/megafinesocks/109_outlier_megafinesock.jpg
Doublefine Merino Pullover,Sweater,Clothes,Merino,21.10.2014,"Black, Blue Wing, Deep Gray, Gray Sky, Marsdust, Shademaroon",225,FALSE,FALSE,Men,http://shop.outlier.cc/shop/retail/merino-pullover.html,http://outlier.cc/productentries/products/doublefinepullover/201-OUTLIER-DoublefinePullover.jpg
Ultramagnetic Merino Bandana,Bandana,Accessory,Merino,21.10.2014,"Black, Deep Gray, Gray Sky, Shademaroon",77,FALSE,FALSE,Unisex,http://shop.outlier.cc/shop/retail/ultramagnetic-merino-bandana.html,http://outlier.cc/productentries/ultramagneticbandana/201-OUTLIER-UltraMagneticBandana-ShadeMaroon.jpg
4x4 Merino Scarf,Scarf,Accessory,Merino,21.10.2014,"Blue Wing, Deep Gray, Marsdust, Shademaroon",98,TRUE,FALSE,Unisex,http://shop.outlier.cc/shop/retail/4x4-merino-scarf.html,http://outlier.cc/productentries/products/4x4scarves/201-OUTLIER-4x4-Napkins.jpg
Doublefine Merino Sweatpants,Pants,Clothes,Merino,21.10.2014,"Gray Sky, Marsdust, Black",250,TRUE,FALSE,Men,http://shop.outlier.cc/shop/retail/merino-sweatpants.html,http://outlier.cc/productentries/products/merinosweatpants/201-OUTLIER-DoublefineMerinoSweatpants-BlueSwoosh2.jpg
M-Back Freeshell,Outerwear,Clothes,M-Back,14.10.2014,"Midnight, Shadow, Static",375,FALSE,FALSE,Men,http://shop.outlier.cc/shop/retail/mback-freeshell.html,http://outlier.cc/productentries/products/MbackFreeShell/201-OUTLIER-MBackFreeShell-LightFront.jpg
M-Back Climbers,Pants,Clothes,M-Back,14.10.2014,"Midnight, Shadow, Static",225,FALSE,FALSE,Men,http://shop.outlier.cc/shop/retail/mback-climbers.html,http://outlier.cc/productentries/products/MbackClimbers/201-OUTLIER-MBackClimbers-Shadow.jpg
M-Back OGs,Pants,Clothes,M-Back,14.10.2014,"Midnight, Shadow, Static",265,FALSE,FALSE,Men,http://shop.outlier.cc/shop/retail/mback-ogs.html,http://outlier.cc/productentries/products/MbackOGs/201-OUTLIER-MBackNewOGs-Mid.jpg
Strong Vest,Vest,Clothes,Strongcloth,30.09.2014,"Blue, Gray",175,FALSE,FALSE,Men,http://shop.outlier.cc/shop/retail/strong-vest.html,http://outlier.cc/productentries/products/strongvest/201-OUTLIER-StrongVest-Nice.jpg
Air-Forged Oxford,Shirt,Clothes,Air Forged,30.09.2014,"Blue, Dark Navy, Earthshadow, Lightning Gray, Storm Gray",98,TRUE,FALSE,Men,http://shop.outlier.cc/shop/retail/air-forged-oxford.html,http://outlier.cc/products/airforgedoxford/200-OUTLIER-AirForgedOxford-Gray1.jpg
60/30 Chinos,Pants,Clothes,“60/30”,30.09.2014,Deep Tan,225,TRUE,FALSE,Men,http://shop.outlier.cc/shop/retail/chino.html,http://outlier.cc/productentries/products/6030chinos/202-OUTLIER-Flat-MidnightGray.jpg
Doublefine Merino Hoodie,Outerwear,Clothes,Merino,26.09.2014,"Black/Darkspace, Blue Wing, Deep Gray, Gray Sky, Shademaroon",275,TRUE,FALSE,Men,http://shop.outlier.cc/retail/doublefinehoodie.html,http://outlier.cc/productentries/products/doublefinehoodie/203d-OUTLIER-DoublefineMerinoHoodie-DeepGray.jpg
Liberated Wool Peacoat,Outerwear,Clothes,Liberated Wool,17.09.2014,"Navy, Charcoal",650,TRUE,FALSE,Men,http://shop.outlier.cc/shop/retail/liberated-wool-peacoat.html,http://outlier.cc/productentries/products/henley/202-OUTLIER-Peacoat-Charcoal.jpg
Ultrafine Merino T-Shirt,T-Shirt,Clothes,Merino,11.09.2014,"Blue Wing, Gray Light, Deep Gray",98,TRUE,FALSE,Men,http://shop.outlier.cc/shop/retail/ultrafine-merino-tee.html,http://outlier.cc/productentries/products/merinot/204-OUTLIER-UltrafineT-jpg
Blazed Slim Button Down Pivot,Shirt,Clothes,Cotton,11.09.2014,"Pale Blue, White, Bluegray",125,TRUE,FALSE,Men,http://shop.outlier.cc/shop/retail/blazed-slim-button-down.html,http://outlier.cc/productentries/products/blazedslim/204-OUTLIER-BlazedSlim-BlueGray.jpg
Slim Dungarees,Pants,Clothes,Workcloth,10.09.2014,"Darkindigo, Gray Shadow",198,TRUE,FALSE,Men,http://shop.outlier.cc/shop/retail/slim-dungarees.html,http://outlier.cc/productentries/products/slimdungarees/208-OUTLIER-SlimDungarees-IndigoFront.jpg
Shank Jacket,Outerwear,Clothes,Workcloth,03.09.2014,Black,395,TRUE,FALSE,Men,http://shop.outlier.cc/shop/retail/shank-jacket.html,http://outlier.cc/productentries/products/shankjack/201-OUTLIER-ShankJacket-Front2.jpg
Merino Ribbed Henley,T-Shirt,Clothes,Merino,03.09.2014,"Deep Blue, Deep Gray, Evergreen, Medium Gray",148,TRUE,FALSE,Men,http://shop.outlier.cc/shop/retail/merino-ribbed-henley.html,http://outlier.cc/productentries/products/merinoribbedhenley/201-OUTLIER-MerinoRibbedHenley-Black.jpg
Futureworks,Pants,Clothes,F. Cloth,03.09.2014,"Dark Navy, Gray, Dust Olive",125,TRUE,FALSE,Men,http://shop.outlier.cc/shop/retail/futureworks.html,http://outlier.cc/productentries/products/futureworks/201-OUTLIER-Futureworks-Front.jpg
Merino Co-Pivot,Shirt,Clothes,Merino,19.08.2014,"Gray Sky, Sky Blue, Tataouine Red, Twilight Blue",175,TRUE,FALSE,Men,http://shop.outlier.cc/shop/retail/merino-co-pivot.html,http://outlier.cc/productentries/products/merinocopivot/202-OUTLIER-MerinoCoPivot-RedFront.jpg
New OGs,Pants,Clothes,OG,12.08.2014,"Charcoal, Dark Navy, Desert Tan, Black",240,TRUE,FALSE,Men,http://shop.outlier.cc/shop/retail/new-og.html,http://outlier.cc/products/newogs/202-OUTLIER-NewOGs-NavyFront.jpg
Runweight Shorts,Shorts,Clothes,Ultralight,29.07.2014,"Deep Navy, Whitetint Gray",175,FALSE,FALSE,Men,http://shop.outlier.cc/shop/retail/runweight-shorts.html,http://outlier.cc/productentries/products/runshort/200-OUTLIER-RunweightShorts-04.jpg
V-Back Pivot,Shirt,Clothes,Ultralight,29.07.2014,"Deep Navy, Whitetint Gray",188,FALSE,FALSE,Men,http://shop.outlier.cc/shop/retail/v-back-pivot.html,http://outlier.cc/productentries/products/ultralightventedpivot/203-OUTLIER-VBack-WTOpen.jpg
Ultralight Heavy Shirt,Shirt,Clothes,Ultralight,29.07.2014,"Deep Navy, Whitetint Gray",248,FALSE,FALSE,Men,http://shop.outlier.cc/shop/retail/ultralight-heavy-shirt.html,http://outlier.cc/productentries/products/ultralightheavyshirt/202-OUTLIER-UltralightHeavyShirt-WTGrayFront.jpg
Suncloth Pivot,Shirt,Clothes,Cotton/Tencel,29.07.2014,White,248,FALSE,FALSE,Men,http://shop.outlier.cc/shop/retail/suncloth-pivot.html,http://outlier.cc/productentries/products/sunshirt/200-OUTLIER-SunclothPivot-01.jpg
Climbers,Pants,Clothes,OG,22.07.2014,"Desert Tan, Black, Olive Drab, New Slate",198,TRUE,FALSE,Men,http://shop.outlier.cc/shop/retail/the-climbers.html,http://outlier.cc/productentries/products/theclimbers/202o-OUTLIER-TheClimbers-OliveFront.jpg
Cowlhood,Sweater,Clothes,Merino,17.07.2014,"Dark Navy, Orange, Medium Gray",188,FALSE,FALSE,Unisex,http://shop.outlier.cc/shop/retail/cowlhood.html,http://outlier.cc/productentries/products/thecowlhood/201-OUTLIER-Kenny-Navy.jpg
Vented Double Hood,Sweater,Clothes,Merino,17.07.2014,"Dark Navy, Medium Gray",248,FALSE,FALSE,Unisex,http://shop.outlier.cc/shop/retail/vented-double-hood.html,http://outlier.cc/productentries/product/theventeddoublehood/201-OUTLIER-Cartman-NavyFlat.jpg
Crossover Hood,Sweater,Clothes,Merino,17.07.2014,"Dark Navy, Orange, Medium Gray",188,FALSE,FALSE,Unisex,http://shop.outlier.cc/shop/retail/crossover-hood.html,http://outlier.cc/productentries/product/thecrossoverhood/201-OUTLIER-Butters-Gray.jpg
Linenblade Pivot,Shirt,Clothes,Linenblade,08.07.2014,"Blue, Light Blue, Pale Gray",175,FALSE,FALSE,Men,http://shop.outlier.cc/shop/retail/linenblade-pivot.html,http://outlier.cc/productentries/products/linenblade/201-OUTLIER-LinenBlade-LightBlueFront.jpg
60/30 Chinos,Pants,Clothes,“60/30”,03.07.2014,"Blacktint Green, Tan, Copper",225,TRUE,FALSE,Men,http://shop.outlier.cc/shop/retail/chino.html,http://outlier.cc/productentries/products/6030chinos/202-OUTLIER-Flat-MidnightGray.jpg
Slim Dungarees (Long),Pants,Clothes,Workcloth,18.06.2014,"Bluetint Gray, Black",198,TRUE,FALSE,Men,http://shop.outlier.cc/shop/retail/slim-dungarees.html,http://outlier.cc/productentries/products/slimdungarees/208-OUTLIER-SlimDungarees-IndigoFront.jpg
Slim Dungarees,Pants,Clothes,Workcloth,18.06.2014,"Bluetint Gray, Black",198,TRUE,FALSE,Men,http://shop.outlier.cc/shop/retail/slim-dungarees.html,http://outlier.cc/productentries/products/slimdungarees/208-OUTLIER-SlimDungarees-IndigoFront.jpg
Grid Linen Towel S,Towel,Accessory,Linen,18.06.2014,"Olive, Orange, White",30,TRUE,FALSE,Unisex,http://shop.outlier.cc/shop/retail/grid-linen-towel.html,http://outlier.cc/productentries/products/gridlinentowel/107-OUTLIER-GridLinenTowel-GreenRoll.jpg
Grid Linen Towel M,Towel,Accessory,Linen,18.06.2014,"Olive, Orange, White",40,TRUE,FALSE,Unisex,http://shop.outlier.cc/shop/retail/grid-linen-towel.html,http://outlier.cc/productentries/products/gridlinentowel/107-OUTLIER-GridLinenTowel-GreenRoll.jpg
Grid Linen Towel L,Towel,Accessory,Linen,18.06.2014,"Olive, Orange, White",60,TRUE,FALSE,Unisex,http://shop.outlier.cc/shop/retail/grid-linen-towel.html,http://outlier.cc/productentries/products/gridlinentowel/107-OUTLIER-GridLinenTowel-GreenRoll.jpg
Grid Linen Towel XL,Towel,Accessory,Linen,18.06.2014,"Olive, Orange, White",90,TRUE,FALSE,Unisex,http://shop.outlier.cc/shop/retail/grid-linen-towel.html,http://outlier.cc/productentries/products/gridlinentowel/107-OUTLIER-GridLinenTowel-GreenRoll.jpg
Ladies Slimmer Dungarees,Pants,Clothes,Workcloth,18.06.2014,"Indigo Blue, Black, Zinc",198,TRUE,FALSE,Women,http://shop.outlier.cc/shop/retail/lsd.html,http://outlier.cc/products/ladiesslimmerdungarees/212-OUTLIER-LSDs-GraySwoosh.jpg
Doublebag,Bag,Accessory,Nylon,17.06.2014,"Slate Blue, Gray",48,TRUE,FALSE,Unisex,http://shop.outlier.cc/shop/retail/doublebag.html,http://outlier.cc/productentries/products/doublebag/203-OUTLIER-Doublebag-Flat.jpg
60/30 Blazer,Outerwear,Clothes,“60/30”,17.06.2014,Midnight Gray,550,TRUE,FALSE,Men,http://shop.outlier.cc/shop/retail/6030blazer.html,http://outlier.cc/productentries/products/6030blazer/201-OUTLIER-6030Blazer-MidnightGray.jpg
Women’s Free Way Shorts,Shorts,Clothes,OG,10.06.2014,"Black, Orange, New Slate",175,FALSE,FALSE,Women,http://shop.outlier.cc/shop/retail/womens-freeway-shorts.html,http://outlier.cc/productentries/product/womensfreewayshorts/204-OUTLIER-Womens-FreeWayShorts-BlackFront.jpg
Free Way Shorts,Shorts,Clothes,OG,10.06.2014,"Black, Olive Drab, Orange, New Slate",175,FALSE,FALSE,Men,http://shop.outlier.cc/shop/retail/free-way-shorts.html,http://outlier.cc/productentries/product/freewayshorts/201-OUTLIER-FreeWayShorts-Black.jpg
New Way Shorts,Shorts,Clothes,F. Cloth,05.06.2014,Black,120,TRUE,FALSE,Men,http://shop.outlier.cc/shop/retail/new-way-shorts.html,http://outlier.cc/productentries/products/newwayshorts/202-OUTLIER-NewWayShorts-OliveOpen.jpg
Blazed Slim Button Down Pivot,Shirt,Clothes,Cotton,03.06.2014,"Pale Blue, White, Bluegray",125,FALSE,FALSE,Men,http://shop.outlier.cc/shop/retail/blazed-slim-button-down.html,http://outlier.cc/productentries/products/blazedslim/204-OUTLIER-BlazedSlim-BlueGray.jpg
Slim Dungarees (Long),Pants,Clothes,Workcloth,24.05.2014,Bluetint Gray,198,TRUE,FALSE,Men,http://shop.outlier.cc/shop/retail/slim-dungarees.html,http://outlier.cc/productentries/products/slimdungarees/208-OUTLIER-SlimDungarees-IndigoFront.jpg
Ultralight Freeshell,Outerwear,Clothes,Ultralight,20.05.2014,"Whitetint Gray, Deep Navy, New Slate",365,FALSE,FALSE,Men,http://shop.outlier.cc/shop/retail/ultralight-freeshell.html,http://outlier.cc/productentries/products/ultralightfreeshell/203-OUTLIER-UltralightFreeShell-WhitetintGray.jpg
Slim Dungarees,Pants,Clothes,Workcloth,15.05.2014,Bluetint Gray,198,TRUE,FALSE,Men,http://shop.outlier.cc/shop/retail/slim-dungarees.html,http://outlier.cc/productentries/products/slimdungarees/208-OUTLIER-SlimDungarees-IndigoFront.jpg
Blazed Button Down Pivot,Shirt,Clothes,Cotton,15.05.2014,"Microcheck Blue, Microcheck Dark, Microcheck Light, Microcheck Purp",125,TRUE,FALSE,Men,http://shop.outlier.cc/shop/retail/blazed-button-down.html,http://outlier.cc/productentries/products/blazedbuttondown/203-OUTLIER-BlazedButtonDown-LandSick.jpg
Ultrafine Merino T-Shirt,T-Shirt,Clothes,Merino,14.05.2014,"Dark Navy, Medium Gray, Orange, Black, Near White",98,TRUE,FALSE,Men,http://shop.outlier.cc/shop/retail/ultrafine-merino-tee.html,http://outlier.cc/productentries/products/merinot/204-OUTLIER-UltrafineT-jpg
Ultrafine Merino V-Neck,T-Shirt,Clothes,Merino,14.05.2014,"Dark Navy, Near White",98,TRUE,FALSE,Men,http://shop.outlier.cc/shop/retail/ultrafine-merino-v-neck.html,http://outlier.cc/productentries/products/ultrafinev/201-OUTLIER-UltrafineV-Blue.jpg
Air-Forged Oxford,Shirt,Clothes,Air Forged,06.05.2014,"Blue, Olive, Graystone, Light Gray, Dark Navy",98,TRUE,FALSE,Men,http://shop.outlier.cc/shop/retail/air-forged-oxford.html,http://outlier.cc/products/airforgedoxford/200-OUTLIER-AirForgedOxford-Gray1.jpg
Runweight Merino T-Shirt,T-Shirt,Clothes,Runweight Merino,02.05.2014,Black,88,FALSE,FALSE,Men,http://shop.outlier.cc/shop/retail/runweight-merino-tshirt.html,http://outlier.cc/productentries/products/runweightmerinotshirt/202-OUTLIER-RunWeightT-Swoosh.jpg
Womens’ Mojave Pivot Shirt,Shirt,Clothes,Linen/Cotton,29.04.2014,"White, Dark Gray, Olive, Dark Blue",128,FALSE,FALSE,Women,http://shop.outlier.cc/shop/retail/womens-mojave-pivot.html,http://outlier.cc/productentries/products/womensmojave/201-OUTLIER-WomensMojave-Gray.jpg
Merino Racerback Tank,Tank Top,Clothes,Merino,29.04.2014,"Copper, Medium Gray",77,FALSE,FALSE,Women,http://shop.outlier.cc/shop/retail/merino-racerback-tank.html,http://outlier.cc/productentries/products/womenstank/201-OUTLIER-WomensTank-OrangeFrontup.jpg
Women’s Air-Forged Oxford,Shirt,Clothes,Air Forged,29.04.2014,"Light Gray, Olive, Dark Navy",98,TRUE,FALSE,Women,http://shop.outlier.cc/shop/retail/womens-air-forged.html,http://outlier.cc/productentries/products/womensairforgedoxford/201-OUTLIER-WomensAirForged-NavyFront.jpg
60/30 Class Cut Blazer,Outerwear,Clothes,“60/30”,29.04.2014,Midnight Gray,450,FALSE,FALSE,Women,http://shop.outlier.cc/shop/retail/60-30-class-cut-blazer.html,http://outlier.cc/productentries/products/6030classcutblazer/202-OUTLIER-Womens6030Blazer-HandsOut.jpg
Futureworks,Pants,Clothes,F. Cloth,24.04.2014,"Dark Navy, Gray, Dust Olive",125,TRUE,FALSE,Men,http://shop.outlier.cc/shop/retail/futureworks.html,http://outlier.cc/productentries/products/futureworks/201-OUTLIER-Futureworks-Front.jpg
Ultralight Blazer,Outerwear,Clothes,Ultralight,16.04.2014,"Navy, New Slate",550,TRUE,FALSE,Men,http://shop.outlier.cc/shop/retail/blazer.html,http://outlier.cc/productentries/products/ultralightblazer/201-OUTLIER-UltralightBlazer-GrayTurn.jpg
Ultralight Trousers,Pants,Clothes,Ultralight,16.04.2014,"Navy, New Slate",240,TRUE,FALSE,Men,http://shop.outlier.cc/retail/ultralights.html,http://outlier.cc/productentries/products/ultralighttrousers/203-OUTLIER-UltralightTrousers-GrayFront.jpg
Ribbed Merino Tank,Tank Top,Clothes,Merino,08.04.2014,"Deep Blue, Deep Gray, Evergreen",88,FALSE,FALSE,Men,http://shop.outlier.cc/shop/retail/ribbed-merino-tank.html,http://outlier.cc/productentries/products/ribbedmerinotank/201-OUTLIER-RibbedMerinoTank-Gray.jpg
Mojave Pivot Shirt,Shirt,Clothes,Linen/Cotton,08.04.2014,"Dark Blue, Summer Blue, White, Orange, Olive, Dark Gray",128,TRUE,FALSE,Men,http://shop.outlier.cc/retail/mojave-pivot-shirt.html,http://outlier.cc/productentries/products/mojavepr/201-OUTLIER-MojavePivot-Blue.jpg
Slim Dungarees,Pants,Clothes,Workcloth,08.04.2014,"Blacktint Green, Darkindigo, Maroonshadow",198,TRUE,FALSE,Men,http://shop.outlier.cc/shop/retail/slim-dungarees.html,http://outlier.cc/productentries/products/slimdungarees/208-OUTLIER-SlimDungarees-IndigoFront.jpg
Shank Jacket,Outerwear,Clothes,Workcloth,01.04.2014,Black,395,FALSE,FALSE,Men,http://shop.outlier.cc/shop/retail/shank-jacket.html,http://outlier.cc/productentries/products/shankjack/201-OUTLIER-ShankJacket-Front2.jpg
Women’s Daily Riding Pant,Pants,Clothes,OG,28.03.2014,"Black, Deep Indigo, Olive Drab",198,TRUE,FALSE,Women,http://shop.outlier.cc/shop/retail/women-s-daily-riding-pant.html,http://outlier.cc/products/womensdailyrider/200-OUTLIER-WomensDaily-DeepIndigo.jpg
New Way Shorts,Shorts,Clothes,F. Cloth,25.03.2014,"Dark Navy, Gray, Dust Olive, Purp, Cobalt",120,FALSE,FALSE,Men,http://shop.outlier.cc/shop/retail/new-way-shorts.html,http://outlier.cc/productentries/products/newwayshorts/202-OUTLIER-NewWayShorts-OliveOpen.jpg
Merino Co-Pivot,Shirt,Clothes,Merino,24.03.2014,Sky Blue,175,TRUE,FALSE,Men,http://shop.outlier.cc/shop/retail/merino-co-pivot.html,http://outlier.cc/productentries/products/merinocopivot/203-OUTLIER-MerinoCoPivot-BluetintFront.jpg
60/30 Chinos,Pants,Clothes,“60/30”,18.03.2014,"Midnight Gray, Flat Tan, Olive",225,TRUE,FALSE,Men,http://shop.outlier.cc/shop/retail/chino.html,http://outlier.cc/productentries/products/6030chinos/202-OUTLIER-Flat-MidnightGray.jpg
60/30 Blazer,Outerwear,Clothes,“60/30”,11.03.2014,"Midnight Gray, Olive",550,FALSE,FALSE,Men,http://shop.outlier.cc/shop/retail/6030blazer.html,http://outlier.cc/productentries/products/6030blazer/201-OUTLIER-6030Blazer-MidnightGray.jpg
60/30 Chinos,Pants,Clothes,“60/30”,11.03.2014,"Midnight Gray, Flat Tan, Olive",225,TRUE,FALSE,Men,http://shop.outlier.cc/shop/retail/chino.html,http://outlier.cc/productentries/products/6030chinos/202-OUTLIER-Flat-MidnightGray.jpg
Grid Linen Towel M,Towel,Accessory,Linen,11.03.2014,"Medium Gray, Graytint Navy",48,TRUE,FALSE,Unisex,http://shop.outlier.cc/shop/retail/grid-linen-towel.html,http://outlier.cc/productentries/products/gridlinentowel/107-OUTLIER-GridLinenTowel-GreenRoll.jpg
Doublebag,Bag,Accessory,Nylon,05.03.2014,Slate Blue,48,TRUE,FALSE,Unisex,http://shop.outlier.cc/shop/retail/doublebag.html,http://outlier.cc/productentries/products/doublebag/203-OUTLIER-Doublebag-Flat.jpg
Merino Co-Pivot,Shirt,Clothes,Merino,05.03.2014,"Tan, Bluetint Gray, Dust Olive",175,TRUE,FALSE,Men,http://shop.outlier.cc/shop/retail/merino-co-pivot.html,http://outlier.cc/productentries/products/merinocopivot/203-OUTLIER-MerinoCoPivot-BluetintFront.jpg
Climbers,Pants,Clothes,OG,04.03.2014,"Charcoal, Deep Indigo, Olive Drab",198,TRUE,FALSE,Men,http://shop.outlier.cc/shop/retail/the-climbers.html,http://outlier.cc/productentries/products/theclimbers/202o-OUTLIER-TheClimbers-OliveFront.jpg
Slim Dungarees,Pants,Clothes,Workcloth,26.02.2014,"Blacktint Green, Darkindigo, Maroonshadow",198,TRUE,FALSE,Men,http://shop.outlier.cc/shop/retail/slim-dungarees.html,http://outlier.cc/productentries/products/slimdungarees/208-OUTLIER-SlimDungarees-IndigoFront.jpg
Futureworks,Pants,Clothes,F. Cloth,04.02.2014,Flat Black,125,FALSE,FALSE,Men,http://shop.outlier.cc/shop/retail/futureworks.html,http://outlier.cc/productentries/products/futureworks/201-OUTLIER-Futureworks-Front.jpg
OG FreeShell,Outerwear,Clothes,OG,21.01.2014,"Flat Black, New Slate, Navy",365,FALSE,FALSE,Men,http://shop.outlier.cc/shop/retail/ogfreeshell.html,http://outlier.cc/productentries/products/ogfreeshell/201-OUTLIER-OGFreeShell-FlatBlack.jpg
Ultramerinosuede Pullover,Sweater,Clothes,Merino,14.01.2014,"Black/Black, Deep Blue/Lt. Gray, Medium Gray/Blue",248,FALSE,FALSE,Men,http://shop.outlier.cc/shop/retail/ultramerinosuede-pullover.html,http://outlier.cc/productentries/products/umspullover/202-OUTLIER-UMSPullover-BlueFront.jpg
Ultramerinosuede Bandana,Bandana,Accessory,Merino,14.01.2014,"Black, Deep Blue, Deep Gray, Evergreen, Medium Gray",75,FALSE,FALSE,Unisex,http://shop.outlier.cc/shop/retail/ultramerinosuede-bandana.html,http://outlier.cc/productentries/products/umsbandana/201-OUTLIER-UMSBandana-JesseJames.jpg
Ultramerinosuede Pocket Tee,T-Shirt,Clothes,Merino,14.01.2014,"Bravest Blue/Lt. Gray, Deep Gray/Lt. Gray, Pop Blue/Blue, Black/Black",120,FALSE,FALSE,Men,http://shop.outlier.cc/shop/retail/ultramerinosuede-pocket-tee.html,http://outlier.cc/productentries/products/umspocket/201-OUTLIER-UMSPocketT-GrayFront.jpg
Ultramerinosuede Clean Tee,T-Shirt,Clothes,Merino,14.01.2014,"Deep Gray/Black, Dust Olive/Black, Pop Blue/Black, Pop Green/Black, Black/Black",120,FALSE,FALSE,Men,http://shop.outlier.cc/shop/retail/ultramerinosuede-clean-tee.html,http://outlier.cc/productentries/products/umsclean/201-OUTLIER-UMSGlassCleaner-DustOlive.jpg
Ultramerinosuede Shorts,Shorts,Clothes,Merino,14.01.2014,"Black/Black, Deep Gray/Black",225,FALSE,FALSE,Men,http://shop.outlier.cc/shop/retail/ultramerinosuede-shorts.html,http://outlier.cc/productentries/products/umsshorts/201-OUTLIER-UMSShorts-GrayFront.jpg
Ultramerinosuede Baselayer,T-Shirt,Clothes,Merino,14.01.2014,"Black/Black, Deep Blue/Black",,FALSE,FALSE,Men,http://shop.outlier.cc/shop/retail/ultramerinosuede-baselayer.html,http://outlier.cc/productentries/products/umsbaselayer/201-OUTLIER-UMSBaselayer-Black.jpg
Doublefine Merino Hoodie,Outerwear,Clothes,Merino,14.01.2014,"Black/Blue, Deep Blue, Deep Gray, Evergreen, Medium Gray",275,TRUE,FALSE,Men,http://shop.outlier.cc/retail/doublefinehoodie.html,http://outlier.cc/productentries/products/doublefinehoodie/203d-OUTLIER-DoublefineMerinoHoodie-DeepGray.jpg
Climbers,Pants,Clothes,OG,14.01.2014,"Charcoal, Deep Indigo, Olive Drab",198,TRUE,FALSE,Men,http://shop.outlier.cc/shop/retail/the-climbers.html,http://outlier.cc/productentries/products/theclimbers/202o-OUTLIER-TheClimbers-OliveFront.jpg
60/30 Chinos,Pants,Clothes,“60/30”,14.01.2014,"Flat Tan, Olive",225,TRUE,FALSE,Men,http://shop.outlier.cc/shop/retail/chino.html,http://outlier.cc/productentries/products/6030chinos/202-OUTLIER-Flat-MidnightGray.jpg
Women’s Daily Riding Pant,Pants,Clothes,OG,14.01.2014,"Flat Black, Charcoal, Navy, Red, Blue, Brick",198,TRUE,FALSE,Women,http://shop.outlier.cc/shop/retail/women-s-daily-riding-pant.html,http://outlier.cc/products/womensdailyrider/200-OUTLIER-WomensDaily-DeepIndigo.jpg
Blazed Button Down Pivot,Shirt,Clothes,Cotton,08.01.2014,"Microcheck Blue, Microcheck Dark, Microcheck Light, Microcheck Purp",125,FALSE,FALSE,Men,http://shop.outlier.cc/shop/retail/blazed-button-down.html,http://outlier.cc/productentries/products/blazedbuttondown/203-OUTLIER-BlazedButtonDown-LandSick.jpg
Blazed Tack Pivot,Shirt,Clothes,Cotton,16.12.2013,"Light Blue, White, Pale Blue, Point Gray, Uptown Blue",148,FALSE,FALSE,Men,http://shop.outlier.cc/shop/retail/blazed-tack-pivot.html,http://outlier.cc/productentries/products/blazedtack/201-OUTLIER-BlazedTackPivot-UptownFront.jpg
S120 Twill Tack Pivot,Shirt,Clothes,Merino,16.12.2013,Navy Gray,225,FALSE,FALSE,Men,http://shop.outlier.cc/shop/retail/twill-tack-pivot.html,http://outlier.cc/productentries/products/s120twilltack/201-OUTLIER-S120TackCollar-Front2.jpg
4x4 Merino Scarf,Scarf,Accessory,Merino,10.12.2013,"Black, Evergreen, Medium Gray",98,FALSE,FALSE,Unisex,http://shop.outlier.cc/shop/retail/4x4-merino-scarf.html,http://outlier.cc/productentries/products/4x4scarves/201-OUTLIER-4x4-Napkins.jpg
New OGs,Pants,Clothes,OG,10.12.2013,"Navy, Charcoal",240,TRUE,FALSE,Men,http://shop.outlier.cc/shop/retail/new-og.html,http://outlier.cc/products/newogs/202-OUTLIER-NewOGs-NavyFront.jpg
Slim Dungarees,Pants,Clothes,Workcloth,10.12.2013,"Black, Indigo, Bluetint Gray",198,TRUE,FALSE,Men,http://shop.outlier.cc/shop/retail/slim-dungarees.html,http://outlier.cc/productentries/products/slimdungarees/208-OUTLIER-SlimDungarees-IndigoFront.jpg
Grid Linen Towel S,Towel,Accessory,Linen,03.12.2013,"Medium Gray, Blacktint Green, Graytint Navy, Pop Blue, Pop Green",28,TRUE,FALSE,Unisex,http://shop.outlier.cc/shop/retail/grid-linen-towel.html,http://outlier.cc/productentries/products/gridlinentowel/107-OUTLIER-GridLinenTowel-GreenRoll.jpg
Grid Linen Towel M,Towel,Accessory,Linen,03.12.2013,"Medium Gray, Blacktint Green, Graytint Navy, Pop Blue, Pop Green",48,TRUE,FALSE,Unisex,http://shop.outlier.cc/shop/retail/grid-linen-towel.html,http://outlier.cc/productentries/products/gridlinentowel/107-OUTLIER-GridLinenTowel-GreenRoll.jpg
Grid Linen Towel L,Towel,Accessory,Linen,03.12.2013,"Medium Gray, Blacktint Green, Graytint Navy, Pop Blue, Pop Green",75,TRUE,FALSE,Unisex,http://shop.outlier.cc/shop/retail/grid-linen-towel.html,http://outlier.cc/productentries/products/gridlinentowel/107-OUTLIER-GridLinenTowel-GreenRoll.jpg
Grid Linen Towel XL,Towel,Accessory,Linen,03.12.2013,"Medium Gray, Blacktint Green, Graytint Navy, Pop Blue, Pop Green",120,TRUE,FALSE,Unisex,http://shop.outlier.cc/shop/retail/grid-linen-towel.html,http://outlier.cc/productentries/products/gridlinentowel/107-OUTLIER-GridLinenTowel-GreenRoll.jpg
Grid Linen Bathrobe,Bathrobe,Accessory,Linen,03.12.2013,"Graytint Navy, Pop Blue, Medium Gray",188,FALSE,FALSE,Unisex,http://shop.outlier.cc/shop/retail/grid-linen-bathrobe.html,http://outlier.cc/productentries/products/gridlinenbathrobe/201-OUTLIER-GridLinenRobe-Ghost.jpg
Women’s Air Forged Soft Core Vest,Vest,Clothes,Soft Core,25.11.2013,"Light Gray, Bluetint Gray",240,FALSE,FALSE,Women,http://shop.outlier.cc/shop/retail/womens-vest.html,http://outlier.cc/productentries/products/womenssoftcorevest/201-OUTLIER-WomensSoftCoreVest-DG.jpg
Women’s Doublefine Cardigan,Sweater,Clothes,Merino,25.11.2013,"Black, Medium Gray, Deep Gray",240,FALSE,FALSE,Women,http://shop.outlier.cc/shop/retail/womens-doublefine-cardigan.html,http://outlier.cc/productentries/products/womenscardigan/202-OUTLIER-WomensCardigan-Medium2.jpg
Women’s 60/30 Chinos,Pants,Clothes,“60/30”,25.11.2013,"Blacktint Green, Dust Olive, Midnight Navy",225,TRUE,FALSE,Women,http://shop.outlier.cc/shop/retail/womens-chino.html,http://outlier.cc/productentries/products/womens6030/201-OUTLIER-Womens6030-OliveSwipe.jpg
Ultrafine Merino T-Shirt,T-Shirt,Clothes,Merino,19.11.2013,"Black, Dust Olive, Pop Blue, Pop Green, Bravest Blue, Deep Green, Medium Gray",98,TRUE,FALSE,Men,http://shop.outlier.cc/shop/retail/ultrafine-merino-tee.html,http://outlier.cc/productentries/products/merinot/204-OUTLIER-UltrafineT-jpg
Ultrafine Merino V-Neck,T-Shirt,Clothes,Merino,19.11.2013,"Black, Dust Olive, Pop Blue, Pop Green, Bravest Blue, Deep Green, Deep Gray",98,TRUE,FALSE,Men,http://shop.outlier.cc/shop/retail/ultrafine-merino-v-neck.html,http://outlier.cc/productentries/products/ultrafinev/201-OUTLIER-UltrafineV-Blue.jpg
Doublebag,Bag,Accessory,Nylon,12.11.2013,Gray,48,FALSE,FALSE,Unisex,http://shop.outlier.cc/shop/retail/doublebag.html,http://outlier.cc/productentries/products/doublebag/203-OUTLIER-Doublebag-Flat.jpg
Merino Co-Pivot,Shirt,Clothes,Merino,12.11.2013,"Bluetint Gray, Red, Sky Blue, Strong Blue",175,TRUE,FALSE,Men,http://shop.outlier.cc/shop/retail/merino-co-pivot.html,http://outlier.cc/productentries/products/merinocopivot/203-OUTLIER-MerinoCoPivot-BluetintFront.jpg
Air-Forged Soft Core Vest,Vest,Clothes,Soft Core,07.11.2013,Light Gray,240,FALSE,FALSE,Men,http://shop.outlier.cc/shop/retail/air-forged-soft-core-vest.html,http://outlier.cc/productentries/products/airforgedsoftcorevest/201-OUTLIER-AirForgedVest-1.jpg
Doublefine Merino Cardigan,Sweater,Clothes,Merino,07.11.2013,"Deep Blue, Deep Gray, Evergreen, Medium Gray, Black",240,TRUE,FALSE,Men,http://shop.outlier.cc/shop/retail/doublefine-cardigan.html,http://outlier.cc/productentries/products/doublefinecardigan/205-OUTLIER-DoublefineCardigan-BlackFront.jpg
Women’s 60/30 Chinos,Pants,Clothes,“60/30”,07.11.2013,"Blacktint Green, Dust Olive, Midnight Navy",225,TRUE,FALSE,Women,http://shop.outlier.cc/shop/retail/womens-chino.html,http://outlier.cc/productentries/products/womens6030/201-OUTLIER-Womens6030-OliveSwipe.jpg
Nyco FreeShell,Outerwear,Clothes,OG,22.10.2013,"Navy/New Slate, Olive/Charcoal",365,FALSE,FALSE,Men,http://shop.outlier.cc/shop/retail/nyco-freeshell.html,http://outlier.cc/productentries/products/nycofreeshell/203-OUTLIER-NycoFreeshell-HeyGuys.jpg
Megafine Merino Socks,Socks,Clothes,Merino,22.10.2013,Black,21,TRUE,FALSE,Unisex,http://shop.outlier.cc/retail/megafinesock.html,http://milled.com/messages/2012-12-04/xj58FQXqh9XA1njg/4be92860b308c77f4ead494870a5ee8372d83bff.jpg
Minimal Backpack,Backpack,Accessory,Dyneema,15.10.2013,Black,168,TRUE,FALSE,Unisex,http://shop.outlier.cc/shop/retail/minimalbackpack.html,http://milled.com/messages/2013-10-15/ZUoZ26Pf4b0kcOcu/25f736d8a2608f1cd96306d356abcbeafea6de64.jpg
Doublefine Merino Hoodie,Outerwear,Clothes,Merino,09.10.2013,"Black/Blue, Deep Blue, Deep Gray, Evergreen, Medium Gray",275,FALSE,FALSE,Men,http://shop.outlier.cc/retail/doublefinehoodie.html,http://outlier.cc/productentries/products/doublefinehoodie/203d-OUTLIER-DoublefineMerinoHoodie-DeepGray.jpg
Merino Ribbed Henley,T-Shirt,Clothes,Merino,09.10.2013,"Deep Blue, Deep Gray, Evergreen, Medium Gray",148,TRUE,FALSE,Men,http://shop.outlier.cc/shop/retail/merino-ribbed-henley.html,http://outlier.cc/productentries/products/merinoribbedhenley/201-OUTLIER-MerinoRibbedHenley-Black.jpg
Doublefine Merino Sweatpants,Pants,Clothes,Merino,09.10.2013,"Evergreen, Mid Gray",250,FALSE,FALSE,Men,http://shop.outlier.cc/shop/retail/merino-sweatpants.html,http://outlier.cc/productentries/products/merinosweatpants/201-OUTLIER-DoublefineMerinoSweatpants-BlueSwoosh2.jpg
Slim Dungarees,Pants,Clothes,Workcloth,09.10.2013,"Copper, Bluetint Gray",198,TRUE,FALSE,Men,http://shop.outlier.cc/shop/retail/slim-dungarees.html,http://outlier.cc/productentries/products/slimdungarees/208-OUTLIER-SlimDungarees-IndigoFront.jpg
Soft Core Bomber,Outerwear,Clothes,Soft Core,02.10.2013,"New Slate, Flat Black",598,FALSE,FALSE,Men,http://shop.outlier.cc/shop/retail/soft-core-bomber.html,http://outlier.cc/productentries/products/softcorebomber/201-OUTLIER-SoftCoreBomber-GrayOpen.jpg
Climbers,Pants,Clothes,OG,02.10.2013,"Flat Black, New Slate",198,TRUE,FALSE,Men,http://shop.outlier.cc/shop/retail/the-climbers.html,http://outlier.cc/productentries/products/theclimbers/202o-OUTLIER-TheClimbers-OliveFront.jpg
Merino Co-Pivot,Shirt,Clothes,Merino,24.09.2013,"Bluetint Gray, Red, Sky Blue, Strong Blue",175,FALSE,FALSE,Men,http://shop.outlier.cc/shop/retail/merino-co-pivot.html,http://outlier.cc/productentries/products/merinocopivot/203-OUTLIER-MerinoCoPivot-BluetintFront.jpg
Ripstop Merino Heavy Shirt,Shirt,Clothes,Merino,12.09.2013,,275,FALSE,FALSE,Men,http://shop.outlier.cc/shop/retail/ripstop-merino-heavy-shirt.html,http://images.freshnessmag.com/wp-content/uploads/2013/09/outlier-ripstop-merino-heavy-shirt-06-570x456.jpg
Air-Forged Oxford,Shirt,Clothes,Air Forged,04.09.2013,"White, Red, Light Blue, Light Gray, Bluetint Gray, Rich Blue",98,TRUE,FALSE,Men,http://shop.outlier.cc/shop/retail/air-forged-oxford.html,http://outlier.cc/products/airforgedoxford/200-OUTLIER-AirForgedOxford-Gray1.jpg
Women’s Air-Forged Oxford,Shirt,Clothes,Air Forged,04.09.2013,"White, Bluetint Gray, Rich Blue",98,FALSE,FALSE,Women,http://shop.outlier.cc/shop/retail/womens-air-forged.html,http://outlier.cc/products/womensairforged/202-OUTLIER-WomensAirForgedOxford-GrayFront.jpg
Blazed Dress Pivot,Shirt,Clothes,Cotton,13.08.2013,"Light Blue, Pale Blue, Point Gray",148,FALSE,FALSE,Men,http://shop.outlier.cc/shop/retail/blazed-dress-pivot.html,http://outlier.cc/products/blazeddress/201-OUTLIER-BlazedDressPivot-PointGrayFront.jpg
New OGs,Pants,Clothes,OG,13.08.2013,"Navy, Charcoal",240,TRUE,FALSE,Men,http://shop.outlier.cc/shop/retail/new-og.html,http://outlier.cc/products/newogs/202-OUTLIER-NewOGs-NavyFront.jpg
60/30 Chinos,Pants,Clothes,“60/30”,13.08.2013,"Navy Gray, Mustard Seed",225,TRUE,FALSE,Men,http://shop.outlier.cc/shop/retail/chino.html,http://outlier.cc/productentries/products/6030chinos/202-OUTLIER-Flat-MidnightGray.jpg
OG Blazer,Outerwear,Clothes,OG,13.08.2013,"Navy, Flat Black, Charcol",550,TRUE,FALSE,Men,http://shop.outlier.cc/shop/retail/ogblazer.html,http://outlier.cc/products/ogblazer/203-OUTLIER-OGBlazer-NavyFrontLeft.jpg
Supermarine Bedford,Shoes,Clothes,Supermarine,24.07.2013,Gray,90,FALSE,FALSE,Men,http://shop.outlier.cc/shop/retail/supermarine-bedford.html,http://shop.outlier.cc/shop/media/catalog/product/cache/2/image/880x/17f82f742ffe127f42dca9de82fb58b1/1/0/101-outlier-vans-chillin_2.jpg
Megafine Thin Sock,Socks,Clothes,Merino,24.07.2013,Black,22,FALSE,FALSE,Unisex,http://shop.outlier.cc/shop/retail/thin-socks.html,http://outlier.cc/productentries/products/megafinethinsocks/200-OUTLIER-ThinSocks-Spinning.jpg
UV Poncho,Poncho,Clothes,Ultralight,16.07.2013,"Blue, Gray, Red",365,FALSE,FALSE,Unisex,http://shop.outlier.cc/retail/uv-poncho.html,http://shop.outlier.cc/shop/media/catalog/product/cache/2/image/880x/17f82f742ffe127f42dca9de82fb58b1/1/0/101-outlier-ultralightbeach-poncho.jpg
Baggy Beach Pants,Pants,Clothes,Ultralight,16.07.2013,"Blue, Gray, Red",,FALSE,FALSE,Men,http://shop.outlier.cc/retail/baggy-beach-pants.html,http://shop.outlier.cc/shop/media/catalog/product/cache/2/image/880x/17f82f742ffe127f42dca9de82fb58b1/1/0/101-outlier-baggybeachpants-mass9pack.jpg
Beach 36 Pivot Shirt,Shirt,Clothes,Linen,16.07.2013,"Big Check, Small Check, Static Blue",168,FALSE,FALSE,Men,http://shop.outlier.cc/retail/beach36.html,http://shop.outlier.cc/shop/media/catalog/product/cache/2/image/880x/17f82f742ffe127f42dca9de82fb58b1/1/0/102-outlier-linenshirts-masslook3.jpg
Hypercity International Backpack,Backpack,Accessory,Dyneema,11.07.2013,Black,350,FALSE,FALSE,Unisex,http://shop.outlier.cc/shop/retail/hypercity.html,http://shop.outlier.cc/shop/media/catalog/product/cache/2/image/880x/17f82f742ffe127f42dca9de82fb58b1/1/0/101-outlier-hmg-internationalbackpack-lars.jpg
Slim Dungarees,Pants,Clothes,Workcloth,11.07.2013,"Indigo Blue, Black, Zinc",198,TRUE,FALSE,Men,http://shop.outlier.cc/shop/retail/slim-dungarees.html,http://outlier.cc/productentries/products/slimdungarees/208-OUTLIER-SlimDungarees-IndigoFront.jpg
Three Way Longs,Shorts,Clothes,OG,11.07.2013,"Charcoal, Red, Blue",145,TRUE,FALSE,Men,http://shop.outlier.cc/shop/retail/threewaylong.html,http://shop.outlier.cc/shop/media/catalog/product/cache/2/image/880x/17f82f742ffe127f42dca9de82fb58b1/t/h/theewaylongs.jpg
Ultrafine Tie-Dye,T-Shirt,Clothes,Merino,25.06.2013,Vertical/Diagonal,148,FALSE,FALSE,Men,http://shop.outlier.cc/shop/retail/tie-dyes.html,http://shop.outlier.cc/shop/media/catalog/product/cache/2/image/880x/17f82f742ffe127f42dca9de82fb58b1/e/0/e01-outlier-ultrafinetiedye-beachcoolguy.jpg
Three Way Shorts,Shorts,Clothes,OG,25.06.2013,"Charcoal, Red, Blue",148,TRUE,FALSE,Men,http://shop.outlier.cc/shop/retail/summer-shorts.html,http://shop.outlier.cc/shop/media/catalog/product/cache/2/image/880x/17f82f742ffe127f42dca9de82fb58b1/1/0/101-outlier-threewayshorts-shortsfront.jpg
Upgrade Insoles Flat,Insoles,Clothes,Leather,18.06.2013,,38,FALSE,FALSE,Men,http://shop.outlier.cc/shop/retail/upgrade.html,http://shop.outlier.cc/shop/media/catalog/product/cache/2/image/880x/17f82f742ffe127f42dca9de82fb58b1/2/0/203-outlier-buffaloinsoles-wotop.jpg
Upgrade Insoles 8mm,Insoles,Clothes,Leather,18.06.2013,,48,FALSE,FALSE,Men,http://shop.outlier.cc/shop/retail/upgrade.html,http://shop.outlier.cc/shop/media/catalog/product/cache/2/image/880x/17f82f742ffe127f42dca9de82fb58b1/2/0/203-outlier-buffaloinsoles-wotop.jpg
Ultralight Shorts,Shorts,Clothes,Ultralight,18.06.2013,"Red, Blue, Gray",144,TRUE,FALSE,Men,http://shop.outlier.cc/shop/retail/ultralightshorts.html,http://shop.outlier.cc/shop/media/catalog/product/cache/2/image/880x/17f82f742ffe127f42dca9de82fb58b1/1/0/101-outlier-ultralightshorts-coollook.jpg
Grid Linen Towel S,Towel,Accessory,Linen,04.06.2013,"Gray, White, Red",28,FALSE,FALSE,Unisex,http://shop.outlier.cc/shop/retail/grid-linen-towel.html,http://outlier.cc/productentries/products/gridlinentowel/107-OUTLIER-GridLinenTowel-GreenRoll.jpg
Grid Linen Towel M,Towel,Accessory,Linen,04.06.2013,"Gray, White, Red",48,FALSE,FALSE,Unisex,http://shop.outlier.cc/shop/retail/grid-linen-towel.html,http://outlier.cc/productentries/products/gridlinentowel/107-OUTLIER-GridLinenTowel-GreenRoll.jpg
Grid Linen Towel L,Towel,Accessory,Linen,04.06.2013,"Gray, White, Red",75,FALSE,FALSE,Unisex,http://shop.outlier.cc/shop/retail/grid-linen-towel.html,http://outlier.cc/productentries/products/gridlinentowel/107-OUTLIER-GridLinenTowel-GreenRoll.jpg
Grid Linen Towel XL,Towel,Accessory,Linen,04.06.2013,"Gray, White, Red",120,FALSE,FALSE,Unisex,http://shop.outlier.cc/shop/retail/grid-linen-towel.html,http://outlier.cc/productentries/products/gridlinentowel/107-OUTLIER-GridLinenTowel-GreenRoll.jpg
Ultrafine Merino T-Shirt,T-Shirt,Clothes,Merino,04.06.2013,,98,TRUE,FALSE,Men,http://shop.outlier.cc/shop/retail/ultrafine-merino-tee.html,http://outlier.cc/productentries/products/merinot/204-OUTLIER-UltrafineT-jpg
Ultrafine Merino V-Neck,T-Shirt,Clothes,Merino,04.06.2013,,98,TRUE,FALSE,Men,http://shop.outlier.cc/shop/retail/ultrafine-merino-v-neck.html,http://outlier.cc/productentries/products/ultrafinev/201-OUTLIER-UltrafineV-Blue.jpg
Ultralight Trousers,Pants,Clothes,Ultralight,04.06.2013,"Blue, Gray",240,TRUE,FALSE,Men,http://shop.outlier.cc/retail/ultralights.html,http://outlier.cc/productentries/products/ultralighttrousers/203-OUTLIER-UltralightTrousers-GrayFront.jpg
Experimental Tack Color Shirt,Shirt,Clothes,Cotton,22.05.2013,"Gray, Light Blue",168,FALSE,FALSE,Men,http://shop.outlier.cc/shop/retail/tack-collar-shirt.html,http://shop.outlier.cc/shop/media/catalog/product/cache/2/image/880x/17f82f742ffe127f42dca9de82fb58b1/2/0/208-outlier-tackcollarshirt-frontbone.jpg
Women’s 60/30 Chinos,Pants,Clothes,“60/30”,15.05.2013,"Blacktint Green, Dust Olive, Midnight Navy",225,FALSE,FALSE,Women,http://shop.outlier.cc/shop/retail/womens-chino.html,http://outlier.cc/productentries/products/womens6030/201-OUTLIER-Womens6030-OliveSwipe.jpg
Women’s Doubleweave Shorts,Shorts,Clothes,OG,15.05.2013,"Black, Brick, Olive Drab",135,FALSE,FALSE,Women,http://shop.outlier.cc/shop/retail/doubleweaveshorts.html,http://www.shop.outlier.cc/product_images_880/womensshorts/201-OUTLIER-WomensShorts-OliveFront.jpg
Women’s Ultrafine Merino Tank Top,Tank Top,Clothes,Merino,15.05.2013,,,FALSE,FALSE,Women,http://shop.outlier.cc/shop/retail/womens-tank.html,http://www.shop.outlier.cc/product_images_880/womenstank/201-OUTLIER-UltrafineTank-GrayFront.jpg
Women’s Cali Pivot Shirt,Shirt,Clothes,Cotton,15.05.2013,,98,FALSE,FALSE,Women,http://shop.outlier.cc/shop/retail/womens-cali.html,http://shop.outlier.cc/product_images_880/womenscali/207-OUTLIER-Womens-FlatGray.jpg
Women’s Daily Riding Pant,Pants,Clothes,OG,15.05.2013,"Brick, Olive Drab",198,TRUE,FALSE,Women,http://shop.outlier.cc/shop/retail/women-s-daily-riding-pant.html,http://outlier.cc/products/womensdailyrider/200-OUTLIER-WomensDaily-DeepIndigo.jpg
60/30 FSC Blazer,Outerwear,Clothes,“60/30”,09.05.2013,"Metakhaki, Midnight Gray",980,FALSE,FALSE,Men,http://shop.outlier.cc/shop/retail/freemansblazer.html,http://shop.outlier.cc/product_images_880/outlierfscblazer/200-OUTLIER-FSCBlazer-MetaStand.jpg
No Pocket Pivot,Shirt,Clothes,Cotton,02.05.2013,"Uptown Blue, White",144,FALSE,FALSE,Men,http://shop.outlier.cc/shop/retail/nopocket.html,http://shop.outlier.cc/shop/media/catalog/product/cache/2/image/880x/17f82f742ffe127f42dca9de82fb58b1/1/0/101-outlier-uptownflatopen.jpg
Superfine Merino Baselayer,T-Shirt,Clothes,Merino,02.05.2013,,98,TRUE,FALSE,Men,,http://milled.com/messages/2013-01-15/YCRDc_uJRIwnirLE/1d50bad5b89541c2f238913b2eb13ac495e15687.jpg
Three Way Longs,Shorts,Clothes,OG,02.05.2013,,145,TRUE,FALSE,Men,http://shop.outlier.cc/shop/retail/threewaylong.html,http://shop.outlier.cc/shop/media/catalog/product/cache/2/image/880x/17f82f742ffe127f42dca9de82fb58b1/t/h/theewaylongs.jpg
60/30 Chinos,Pants,Clothes,“60/30”,02.05.2013,,225,TRUE,FALSE,Men,http://shop.outlier.cc/shop/retail/chino.html,http://outlier.cc/productentries/products/6030chinos/202-OUTLIER-Flat-MidnightGray.jpg
Ultralight Blazer,Outerwear,Clothes,Ultralight,16.04.2013,,550,TRUE,FALSE,Men,http://shop.outlier.cc/shop/retail/blazer.html,http://outlier.cc/productentries/products/ultralightblazer/201-OUTLIER-UltralightBlazer-GrayTurn.jpg
Three-Way Shorts,Shorts,Clothes,OG,16.04.2013,"Black, Purple, Navy, Green",148,TRUE,FALSE,Men,http://shop.outlier.cc/shop/retail/summer-shorts.html,http://www.shop.outlier.cc/product_images_880/threewayshorts/201-OUTLIER-ThreeWayShorts-RedFront.jpg
Cali Short Sleeve Pivot Shirt,Shirt,Clothes,Cotton,02.04.2013,,98,TRUE,FALSE,Men,http://shop.outlier.cc/shop/retail/cali-short-sleeve-pivot-shirt.html,http://shop.outlier.cc/shop/media/catalog/product/cache/2/image/880x/17f82f742ffe127f42dca9de82fb58b1/1/0/101-outlier-caliss-unbuckle-880.jpg
New OGs,Pants,Clothes,OG,02.04.2013,"Black, Concrete",240,TRUE,FALSE,Men,http://shop.outlier.cc/shop/retail/new-og.html,http://outlier.cc/products/newogs/202-OUTLIER-NewOGs-NavyFront.jpg
Supermarine Heavy Shirt,Shirt,Clothes,Supermarine,27.03.2013,,265,FALSE,FALSE,Men,http://shop.outlier.cc/shop/retail/supermarine-heavy-shirt.html,http://www.shop.outlier.cc/product_images_880/heavyshirt/201-OUTLIER-HeavyShirt-Flat.jpg
Digital Linen Bandana,Bandana,Accessory,Linen,27.03.2013,,47,FALSE,FALSE,Unisex,http://shop.outlier.cc/shop/retail/bandana.html,http://shop.outlier.cc/shop/media/catalog/product/cache/2/image/880x/17f82f742ffe127f42dca9de82fb58b1/2/1/211-outlier-bandana-blackflat.jpg
Ultralight Trousers,Pants,Clothes,Ultralight,27.03.2013,,240,TRUE,FALSE,Men,http://shop.outlier.cc/retail/ultralights.html,http://outlier.cc/productentries/products/ultralighttrousers/203-OUTLIER-UltralightTrousers-GrayFront.jpg
Supermarine Shell,Outerwear,Clothes,Supermarine,14.03.2013,"Anthracite, Red, Cobalt Blue",575,FALSE,FALSE,Men,http://shop.outlier.cc/retail/supermarine-shell.html,http://shop.outlier.cc/product_images_880/supermarineshell/206_OUTLIER_SupermarineShell_blueflat1.jpg
Mojave Pivot Shirt,Shirt,Clothes,Linen/Cotton,05.03.2013,"Gray, Light Red, Green",128,FALSE,FALSE,Men,http://shop.outlier.cc/retail/mojave-pivot-shirt.html,http://shop.outlier.cc/product_images_880//mojavepivot/201-OUTLIER-MojavePivot-GrayFront.jpg
Blazed Cotton Pivot Shirt,Shirt,Clothes,Cotton,05.03.2013,,144,TRUE,FALSE,Men,http://shop.outlier.cc/shop/retail/blazed2.html,http://shop.outlier.cc/shop/media/catalog/product/cache/2/image/880x/17f82f742ffe127f42dca9de82fb58b1/1/0/101-outlier-ledeblazed.jpg
Slim Dungarees,Pants,Clothes,Workcloth,29.01.2013,"Black, Indigo",198,TRUE,FALSE,Men,http://shop.outlier.cc/shop/retail/slim-dungarees.html,http://outlier.cc/productentries/products/slimdungarees/208-OUTLIER-SlimDungarees-IndigoFront.jpg
New OGs,Pants,Clothes,OG,29.01.2013,"Slate Gray, Concrete",198,TRUE,FALSE,Men,http://shop.outlier.cc/shop/retail/new-og.html,http://outlier.cc/products/newogs/202-OUTLIER-NewOGs-NavyFront.jpg
North River Overshirt,Shirt,Clothes,Cotton,29.01.2013,"Blue, Red",240,FALSE,FALSE,Men,http://shop.outlier.cc/retail/northriver.html,http://shop.outlier.cc/product_images_880/northriverovershirt/205_outlier_northriverovershirt.jpg
Air-Forged Oxford,Shirt,Clothes,Cotton,15.01.2013,,98,FALSE,FALSE,Men,http://shop.outlier.cc/shop/retail/air-forged-oxford.html,http://outlier.cc/products/airforgedoxford/200-OUTLIER-AirForgedOxford-Gray1.jpg
Blazed Two-Ply Pivot,Shirt,Clothes,Cotton,15.01.2013,White,188,FALSE,FALSE,Men,http://shop.outlier.cc/shop/retail/blazed-two-ply.html,http://shop.outlier.cc/product_images/blazedtwoply/201_outlier_blazedtwoply.jpg
Freeflannel Overshirt,Shirt,Clothes,Cotton,15.01.2013,"Light Blue, Light Gray",168,FALSE,FALSE,Men,http://shop.outlier.cc/shop/retail/freeflannel.html,http://shop.outlier.cc/product_images/freeflannel/202_outlier_stretchovershirt.jpg
Climbers,Pants,Clothes,OG,15.01.2013,Olive Drab,198,TRUE,FALSE,Men,http://shop.outlier.cc/shop/retail/the-climbers.html,http://outlier.cc/productentries/products/theclimbers/202o-OUTLIER-TheClimbers-OliveFront.jpg
Superfine Merino Baselayer,T-Shirt,Clothes,Merino,15.01.2013,"Pale Gray, Blue Gray",98,TRUE,FALSE,Men,,http://milled.com/messages/2013-01-15/YCRDc_uJRIwnirLE/1d50bad5b89541c2f238913b2eb13ac495e15687.jpg
Three-Way Shorts,Shorts,Clothes,OG,15.01.2013,"Black, Slate Gray",148,TRUE,FALSE,Men,http://shop.outlier.cc/shop/retail/summer-shorts.html,http://www.shop.outlier.cc/product_images_880/threewayshorts/201-OUTLIER-ThreeWayShorts-RedFront.jpg
Supermoon Soft Core Vest,Vest,Clothes,Soft Core,08.01.2013,Gray,345,FALSE,FALSE,Men,http://shop.outlier.cc/retail/supermoon-soft-core-vest.html,http://shop.outlier.cc/product_images_880/supermoonvest/201_outlier_supermoonvest.jpg
Woolback FreeShell,Outerwear,Clothes,Woolback,08.01.2013,Slate Gray,365,FALSE,FALSE,Men,http://shop.outlier.cc/retail/woolback-freeshell.html,http://shop.outlier.cc/product_images/woolbackfreeshell/201_outlier_woolbackfreeshell.jpg
Nyco Slims,Pants,Clothes,Nyco,17.12.2012,"Navy, Olive Drab",98,TRUE,FALSE,Men,http://shop.outlier.cc/shop/retail/nycoslims.html,http://outlier.cc/products/nycoslims/201-OUTLIER-NycoSlims-NavyFlat.jpg
Supermarine Soft Core Jacket,Outerwear,Clothes,Soft Core,17.12.2012,"Navy Gray, Tan",789,FALSE,FALSE,Men,http://shop.outlier.cc/shop/retail/softcorejacket.html,http://shop.outlier.cc/product_images_880/softcorejacket/201_outlier_softcorejacket.jpg
Digital Linen Bandana,Bandana,Accessory,Linen,11.12.2012,,47,TRUE,FALSE,Unisex,http://shop.outlier.cc/shop/retail/bandana.html,http://shop.outlier.cc/shop/media/catalog/product/cache/2/image/880x/17f82f742ffe127f42dca9de82fb58b1/2/1/211-outlier-bandana-blackflat.jpg
Megafine Merino Socks,Socks,Clothes,Merino,04.12.2012,Black,21,FALSE,FALSE,Unisex,http://shop.outlier.cc/retail/megafinesock.html,http://milled.com/messages/2012-12-04/xj58FQXqh9XA1njg/4be92860b308c77f4ead494870a5ee8372d83bff.jpg
Supermarine Rain Shirt,Shirt,Clothes,Supermarine,29.11.2012,Gray,275,TRUE,FALSE,Men,,http://outlier.cc/MT/images/rainshirt/106-OUTLIER-Water.jpg
Ultrafine Merino T-Shirt,T-Shirt,Clothes,Merino,29.11.2012,"Black, Near White",98,FALSE,FALSE,Men,http://shop.outlier.cc/shop/retail/ultrafine-merino-tee.html,http://milled.com/messages/2012-11-29/pMJdaPwSH5QRmr4W/c054c9853ac30eb9a0abe400a4f330cec0b364a6.jpg
Northeast Pivot Shirt,Shirt,Clothes,Cotton,29.11.2012,,98,TRUE,FALSE,Men,http://shop.outlier.cc/shop/retail/northeast-pivot-sleeve-shirt.html,http://shop.outlier.cc/shop/media/catalog/product/cache/2/image/880x/17f82f742ffe127f42dca9de82fb58b1/1/0/101_nelede.jpg
Slim Dungarees,Pants,Clothes,Workcloth,29.11.2012,,198,TRUE,FALSE,Men,http://shop.outlier.cc/shop/retail/slim-dungarees.html,http://outlier.cc/productentries/products/slimdungarees/208-OUTLIER-SlimDungarees-IndigoFront.jpg
Ladies Slimmer Dungarees,Pants,Clothes,Workcloth,28.11.2012,,198,FALSE,FALSE,Women,http://shop.outlier.cc/shop/retail/lsd.html,http://outlier.cc/products/ladiesslimmerdungarees/212-OUTLIER-LSDs-GraySwoosh.jpg
Ladies Soft Core Vest,Vest,Clothes,Soft Core,28.11.2012,,,FALSE,FALSE,Women,http://shop.outlier.cc/shop/retail/ladiessoftcore.html,http://shop.outlier.cc/shop/media/catalog/product/cache/2/image/880x/17f82f742ffe127f42dca9de82fb58b1/1/0/101_outlier_ladiesvest_1.jpg
New OGs,Pants,Clothes,OG,19.11.2012,,198,FALSE,FALSE,Men,http://shop.outlier.cc/shop/retail/new-og.html,http://outlier.cc/products/newogs/202-OUTLIER-NewOGs-NavyFront.jpg
OG Blazer,Outerwear,Clothes,OG,13.11.2012,"Navy, Slate Gray",550,FALSE,FALSE,Men,http://shop.outlier.cc/shop/retail/ogblazer.html,http://outlier.cc/products/ogblazer/203-OUTLIER-OGBlazer-NavyFrontLeft.jpg
Merino Ribbed Henley,T-Shirt,Clothes,Merino,05.11.2012,"Black, Blue, Deep Gray, Medium Gray",148,TRUE,FALSE,Men,http://shop.outlier.cc/shop/retail/merino-ribbed-henley.html,http://outlier.cc/productentries/products/merinoribbedhenley/201-OUTLIER-MerinoRibbedHenley-Black.jpg
Doublefine Merino Cardigan,Sweater,Clothes,Merino,16.10.2012,"Deep Gray, Medium Gray, Black, Deep Blue",240,TRUE,FALSE,Men,http://shop.outlier.cc/shop/retail/doublefine-cardigan.html,http://outlier.cc/productentries/products/doublefinecardigan/205-OUTLIER-DoublefineCardigan-BlackFront.jpg
Liberated Wool Peacoat,Outerwear,Clothes,Liberated Wool,08.10.2012,"Ash Gray, Charcoal",650,TRUE,FALSE,Men,http://shop.outlier.cc/shop/retail/liberated-wool-peacoat.html,http://outlier.cc/productentries/products/henley/202-OUTLIER-Peacoat-Charcoal.jpg
Nyco Slims,Pants,Clothes,Nyco,26.09.2012,"Navy, Olive Drab",98,TRUE,FALSE,Men,http://shop.outlier.cc/shop/retail/nycoslims.html,http://outlier.cc/products/nycoslims/201-OUTLIER-NycoSlims-NavyFlat.jpg
Ultralight Blazer,Outerwear,Clothes,Ultralight,06.09.2012,,550,FALSE,FALSE,Men,http://shop.outlier.cc/shop/retail/blazer.html,http://outlier.cc/productentries/products/ultralightblazer/201-OUTLIER-UltralightBlazer-GrayTurn.jpg
Experimental Sunshirt,Shirt,Clothes,Seersucker,28.08.2012,,195,FALSE,FALSE,Men,,http://trackosaurus.wpengine.netdna-cdn.com/old/images/OutlierSunShirt.jpg
Supermarine Anorak,Outerwear,Clothes,Supermarine,31.07.2012,"Navy Gray, Tan",580,FALSE,FALSE,Men,http://shop.outlier.cc/shop/retail/anorak.html,http://shop.outlier.cc/shop/media/catalog/product/cache/2/image/880x/17f82f742ffe127f42dca9de82fb58b1/1/0/100-outlier-anorakfreefall_1_1.jpg
Ultralight Shorts,Shorts,Clothes,Ultralight,18.07.2012,"Red, Blue, Gray",144,TRUE,FALSE,Men,http://shop.outlier.cc/shop/retail/ultralightshorts.html,http://shop.outlier.cc/shop/media/catalog/product/cache/2/image/880x/17f82f742ffe127f42dca9de82fb58b1/1/0/101-outlier-ultralightshorts-coollook.jpg
Slim Dungarees,Pants,Clothes,Workcloth,07.07.2012,"Black, Indigo Blue, Blacktint Green, Darkindigo",198,TRUE,FALSE,Men,http://shop.outlier.cc/shop/retail/slim-dungarees.html,http://outlier.cc/productentries/products/slimdungarees/208-OUTLIER-SlimDungarees-IndigoFront.jpg
Supermarines,Shoes,Clothes,Supermarine,27.06.2012,"Black, Navy",333,FALSE,FALSE,Men,http://shop.outlier.cc/shop/retail/supermarines.html,http://shop.outlier.cc/shop/media/catalog/product/cache/2/image/880x/17f82f742ffe127f42dca9de82fb58b1/s/u/supermarines.jpg
Ultrafine Merino T-Shirt,T-Shirt,Clothes,Merino,22.06.2012,"Black, Pop Blue, Pop Green, Copper",98,TRUE,FALSE,Men,http://shop.outlier.cc/shop/retail/ultrafine-merino-tee.html,http://outlier.cc/productentries/products/merinot/204-OUTLIER-UltrafineT-jpg
Supermarine Rain Shirt,Shirt,Clothes,Supermarine,09.06.2012,Gray,275,FALSE,FALSE,Men,,http://outlier.cc/MT/images/rainshirt/106-OUTLIER-Water.jpg
FreeShell,Outerwear,Clothes,OG,05.06.2012,"Slate Gray, Nebula Blue",365,FALSE,FALSE,Men,http://shop.outlier.cc/shop/retail/freeshell.html,http://shop.outlier.cc/product_images/freeshell/201-OUTLIER-FlatGray.jpg
Three Way Shorts,Shorts,Clothes,OG,02.06.2012,"Black, Blue, Red, Green",148,TRUE,FALSE,Men,http://shop.outlier.cc/shop/retail/summer-shorts.html,http://shop.outlier.cc/shop/media/catalog/product/cache/2/image/880x/17f82f742ffe127f42dca9de82fb58b1/1/0/101-outlier-threewayshorts-shortsfront.jpg
Superfine Merino Baselayer,T-Shirt,Clothes,Merino,16.05.2012,,98,TRUE,FALSE,Men,,http://milled.com/messages/2013-01-15/YCRDc_uJRIwnirLE/1d50bad5b89541c2f238913b2eb13ac495e15687.jpg
The Cargos,Shorts,Clothes,“60/30”,16.05.2012,,225,FALSE,FALSE,Men,,http://cdnl.complex.com/mp/620/400/80/0/bb/1/ffffff/e5966ff2943b004fe4e9394564e29249/images_/assets/CHANNEL_IMAGES/STYLE/2012/05/202outliercargosblueflat.jpg
Digital Linen Bandana,Bandana,Accessory,Linen,08.05.2012,,47,TRUE,FALSE,Unisex,http://shop.outlier.cc/shop/retail/bandana.html,http://shop.outlier.cc/shop/media/catalog/product/cache/2/image/880x/17f82f742ffe127f42dca9de82fb58b1/2/1/211-outlier-bandana-blackflat.jpg
Three Way Longs,Shorts,Clothes,OG,02.05.2012,,138,TRUE,FALSE,Men,http://shop.outlier.cc/shop/retail/threewaylong.html,http://shop.outlier.cc/shop/media/catalog/product/cache/2/image/880x/17f82f742ffe127f42dca9de82fb58b1/t/h/theewaylongs.jpg
Hill-Side Spring Vest,Vest,Clothes,Soft Core,24.04.2012,,240,FALSE,FALSE,Men,,http://media2.hickorees.com/image/TheHill-SideOutlierOceanPrintVestNavy_L1.jpg
Two-Ply Pivot Shirt,Shirt,Clothes,Cotton,16.04.2012,,,FALSE,FALSE,Men,,https://s3.amazonaws.com/assets.svpply.com/large/1530765.jpg?1350936574
Blazed Cotton Pivot Shirt,Shirt,Clothes,Cotton,03.04.2012,,144,TRUE,FALSE,Men,http://shop.outlier.cc/shop/retail/blazed2.html,http://shop.outlier.cc/shop/media/catalog/product/cache/2/image/880x/17f82f742ffe127f42dca9de82fb58b1/1/0/101-outlier-ledeblazed.jpg
Strongcloth Vest,Vest,Clothes,Strongcloth,26.03.2012,,,FALSE,FALSE,Men,,https://s-media-cache-ec0.pinimg.com/736x/c7/ff/9d/c7ff9d4237580ce1c511620ae197721a.jpg
Doublefine Merino Cardigan,Sweater,Clothes,Merino,20.03.2012,,240,FALSE,FALSE,Men,http://shop.outlier.cc/shop/retail/doublefine-cardigan.html,http://outlier.cc/productentries/products/doublefinecardigan/205-OUTLIER-DoublefineCardigan-BlackFront.jpg
60/30 Chinos,Pants,Clothes,“60/30”,12.03.2012,"Flat Tan, Midnight Gray, Olive",225,TRUE,FALSE,Men,http://shop.outlier.cc/shop/retail/chino.html,http://outlier.cc/productentries/products/6030chinos/202-OUTLIER-Flat-MidnightGray.jpg
Northeast Pivot Shirt,Shirt,Clothes,Cotton,06.03.2012,,98,TRUE,FALSE,Men,http://shop.outlier.cc/shop/retail/northeast-pivot-sleeve-shirt.html,http://shop.outlier.cc/shop/media/catalog/product/cache/2/image/880x/17f82f742ffe127f42dca9de82fb58b1/1/0/101_nelede.jpg
Liberated Wool Hoodie,Outerwear,Clothes,Liberated Wool,06.03.2012,,450,FALSE,FALSE,Men,http://shop.outlier.cc/shop/retail/liberatedhoodie.html,http://outlier.cc/MT/images/liberatedhoodie/201OUTLIERLiberatedHoodieLede.jpg
Minimal Backpack,Backpack,Accessory,Dyneema,07.12.2011,White,168,FALSE,FALSE,Unisex,http://shop.outlier.cc/shop/retail/minimalbackpack.html,http://milled.com/messages/2013-10-15/ZUoZ26Pf4b0kcOcu/25f736d8a2608f1cd96306d356abcbeafea6de64.jpg
Short Watch Cap,Cap,Accessory,Merino,29.11.2011,"Blue, Charcoal, Green",48,FALSE,FALSE,Unisex,http://shop.outlier.cc/shop/retail/short-watch.html,http://outlier.cc/productentries/products/shortwatchcap/202-OUTLIER-WatchCaps-BlueShort.jpg
Long Watch Cap,Cap,Accessory,Merino,29.11.2011,"Blacktint Green, Charcoal, Navy",75,FALSE,FALSE,Unisex,http://shop.outlier.cc/shop/retail/long-watch.html,http://outlier.cc/productentries/products/longwatchcap/203-OUTLIER-WatchCaps-GreenLong.jpg
Woolback OG,Pants,Clothes,Woolback,29.11.2011,Slate Gray,240,FALSE,FALSE,Men,http://shop.outlier.cc/shop/retail/woolback.html,http://shop.outlier.cc/product_images/woolbackog/201_outlier_woolbackog.jpg
Classic Merino Hoodie,Outerwear,Clothes,Merino,29.11.2011,,225,FALSE,FALSE,Men,,http://www.kineda.com/wp-content/uploads/2011/11/outlier_hoodie.jpg
Technical Merino Cardigan,Outerwear,Clothes,Merino,29.11.2011,,,FALSE,FALSE,Men,,http://outlier.cc/productentries/products/doublefinecardigan/205-OUTLIER-DoublefineCardigan-BlackFront.jpg
Liberated Wool Peacoat,Outerwear,Clothes,Liberated Wool,18.10.2011,"Ash Gray, Charcoal",650,TRUE,FALSE,Men,http://shop.outlier.cc/shop/retail/liberated-wool-peacoat.html,http://outlier.cc/productentries/products/henley/202-OUTLIER-Peacoat-Charcoal.jpg
Merino Ribbed Henley,T-Shirt,Clothes,Merino,17.10.2011,,148,TRUE,FALSE,Men,http://shop.outlier.cc/shop/retail/merino-ribbed-henley.html,http://outlier.cc/productentries/products/merinoribbedhenley/201-OUTLIER-MerinoRibbedHenley-Black.jpg
Pivotal Bomber Jacket,Outerwear,Clothes,OG,11.10.2011,,290,FALSE,FALSE,Men,,http://outlier.cc/images/bomber/205-Outlier_Bomber_0063.jpg
Autumnweight 60/30 Chinos,Pants,Clothes,“60/30”,04.10.2011,"Safari, Navy, Olive",225,FALSE,FALSE,Men,,http://24.media.tumblr.com/tumblr_lt9s8n0C101r4l8vmo1_1280.jpg
New Works,Pants,Clothes,Strongcloth,11.09.2011,Slate,147,FALSE,FALSE,Men,,http://therareformcycling.com/wp-content/uploads/2011/09/202-outlier-new-works.jpg
Soft Core Wool Vest,Vest,Clothes,Soft Core,10.09.2011,,225,FALSE,FALSE,Men,http://shop.outlier.cc/shop/retail/soft-core-wool-vest.html,http://shop.outlier.cc/shop/media/catalog/product/cache/2/image/880x/17f82f742ffe127f42dca9de82fb58b1/1/0/101-outlier-vest.jpg
Storm King Parka,Outerwear,Clothes,Supermarine,06.09.2011,,650,FALSE,FALSE,Men,http://shop.outlier.cc/shop/retail/storm-king.html,http://outlier.cc/images/stormking/200-outlier-storm-king-parka.jpg
Outlier for Mishka,Shirt,Clothes,Cotton,22.08.2011,,84,FALSE,FALSE,Men,,http://outlier.cc/mishka/IMG_9539.jpg
3XDry Anorak,Outerwear,Clothes,Linen/Cotton,19.07.2011,,425,FALSE,FALSE,Men,,http://cdn.psfk.com/wp-content/uploads/2011/07/201-outlier-anorak-flats-236x190.jpg
Blazed Cotton Pivot Shirt,Shirt,Clothes,Cotton,21.06.2011,,144,FALSE,FALSE,Men,http://shop.outlier.cc/shop/retail/blazed2.html,http://shop.outlier.cc/shop/media/catalog/product/cache/2/image/880x/17f82f742ffe127f42dca9de82fb58b1/1/0/101-outlier-ledeblazed.jpg
Ultralight Trousers,Pants,Clothes,Ultralight,16.06.2011,"Deep Navy, New Slate",240,FALSE,FALSE,Men,http://shop.outlier.cc/retail/ultralights.html,http://outlier.cc/productentries/products/ultralighttrousers/203-OUTLIER-UltralightTrousers-GrayFront.jpg
Ultrafine Merino T-Shirt,T-Shirt,Clothes,Merino,08.06.2011,"Black, Pop Blue, Pop Green, Copper",98,TRUE,FALSE,Men,http://shop.outlier.cc/shop/retail/ultrafine-merino-tee.html,http://outlier.cc/productentries/products/merinot/204-OUTLIER-UltrafineT-jpg
Ultrafine Merino V-Neck,T-Shirt,Clothes,Merino,08.06.2011,"Dark Navy, Near White",98,TRUE,FALSE,Men,http://shop.outlier.cc/shop/retail/ultrafine-merino-v-neck.html,http://outlier.cc/productentries/products/ultrafinev/201-OUTLIER-UltrafineV-Blue.jpg
Dolomite Pivot Sleeve Shirt,Shirt,Clothes,Dolomite,24.05.2011,"Navy, Black",220,FALSE,FALSE,Men,,http://outlier.cc/images/dolomite/001OUTLIERBlazedLede.jpg
60/30 Shorts,Shorts,Clothes,“60/30”,17.05.2011,,137,FALSE,FALSE,Men,,http://cdnl.complex.com/mp/620/400/80/0/bb/1/ffffff/2ccdbd8708095e9831f53cb88bf8c40e/images_/assets/CHANNEL_IMAGES/STYLE/2011/05/Corey/101outlierlongshortflat.jpg
Slim Dungarees,Pants,Clothes,Workcloth,09.05.2011,"Bluetint Gray, Black, Indigo Blue",198,TRUE,FALSE,Men,http://shop.outlier.cc/shop/retail/slim-dungarees.html,http://outlier.cc/productentries/products/slimdungarees/208-OUTLIER-SlimDungarees-IndigoFront.jpg
Slim Dungarees (Long),Pants,Clothes,Workcloth,09.05.2011,Bluetint Gray,198,FALSE,FALSE,Men,http://shop.outlier.cc/shop/retail/slim-dungarees.html,http://outlier.cc/productentries/products/slimdungarees/208-OUTLIER-SlimDungarees-IndigoFront.jpg
Merino Ribbed Henley,T-Shirt,Clothes,Merino,19.04.2011,,148,FALSE,FALSE,Men,http://shop.outlier.cc/shop/retail/merino-ribbed-henley.html,http://outlier.cc/productentries/products/merinoribbedhenley/201-OUTLIER-MerinoRibbedHenley-Black.jpg
Cali Short Sleeve Pivot Shirt,Shirt,Clothes,Cotton,19.04.2011,,98,FALSE,FALSE,Men,http://shop.outlier.cc/shop/retail/cali-short-sleeve-pivot-shirt.html,http://shop.outlier.cc/shop/media/catalog/product/cache/2/image/880x/17f82f742ffe127f42dca9de82fb58b1/1/0/101-outlier-caliss-unbuckle-880.jpg
Partner B Tank,Tank Top,Clothes,Merino,19.04.2011,,,FALSE,FALSE,Men,,http://outlier.cc/images/spring2011collection/01OUTLIERTankLede.jpg
Supermarine Summer Storm Cap,Cap,Accessory,Supermarine,19.04.2011,,75,FALSE,FALSE,Unisex,,http://zlogblog.com/wp-content/uploads/2011/04/01outliersapphirebluecap-580x396.jpg
Liberated Wool Peacoat,Outerwear,Clothes,Liberated Wool,27.10.2010,"Dark Navy, Medium Gray, Orange, Black",650,FALSE,FALSE,Men,http://shop.outlier.cc/shop/retail/liberated-wool-peacoat.html,http://outlier.cc/productentries/products/henley/202-OUTLIER-Peacoat-Charcoal.jpg
Keirin Cuts,Pants,Clothes,Workcloth,,"Black, Indigo Blue",188,FALSE,TRUE,Men,http://shop.outlier.cc/shop/retail/keirin-cuts.html,http://outlier.cc/productentries/products/keirincuts/201-OUTLIER-KeirinCuts-BlackFront.jpg
Ultrafine Merino Trophy Tank,Tank Top,Clothes,Merino,,,,FALSE,TRUE,Men,,https://s3.amazonaws.com/assets.svpply.com/large/905710.jpg?1360097652